"Manufacturer part code","Long Description (used in Web & AMO)","Website Image Link 01","Website Image Link 02","Website Image Link 03","Website Image Link 04","Website Image Link 05","Website Image Link 06","Website Image Link 07","Website Image Link 08","Website Image Link 09","Website Image Link 10","Website Video Link",
"S84UKSB1001","Pride Mega Motion Elite 8","http://www.carecomobility.co.uk/products/mobility-scooters/travel-scooters/pride-mega-motion-elite-8-green.jpg","http://www.carecomobility.co.uk/products/mobility-scooters/travel-scooters/pride-mega-motion-elite-8-yellow.jpg",,,,,,,,,,
"SPSTLITTLESTAR4","Sterling Little Star","http://www.carecomobility.co.uk/products/mobility-scooters/travel-scooters/sterling-little-star.jpg",,,,,,,,,,,
"ECLIPSE","CareCo Eclipse","http://www.carecomobility.co.uk/products/mobility-scooters/travel-scooters/careco-eclipse-travel-scooter-01.jpg","http://www.carecomobility.co.uk/products/mobility-scooters/travel-scooters/careco-eclipse-travel-scooter-02.jpg",,,,,,,,,,
"S84UKSB1001","Pride Go Go ES8","http://www.carecomobility.co.uk/products/mobility-scooters/travel-scooters/pride-go-go-es-8-travel-scooter-01.jpg","http://www.carecomobility.co.uk/products/mobility-scooters/travel-scooters/pride-go-go-es-8-travel-scooter-02.jpg","http://www.carecomobility.co.uk/products/mobility-scooters/travel-scooters/pride-go-go-es-8-travel-scooter-03.jpg","http://www.carecomobility.co.uk/products/mobility-scooters/travel-scooters/pride-go-go-es-8-travel-scooter-04.jpg",,,,,,,,
"I-GO 12AMP","CareCo I-Go Traveller 12amp","http://www.carecomobility.co.uk/products/mobility-scooters/travel-scooters/careco-i-go-travel-scooter-01.jpg","http://www.carecomobility.co.uk/products/mobility-scooters/travel-scooters/careco-i-go-travel-scooter-02.jpg","http://www.carecomobility.co.uk/products/mobility-scooters/travel-scooters/careco-i-go-travel-scooter-03.jpg","http://www.carecomobility.co.uk/products/mobility-scooters/travel-scooters/careco-i-go-travel-scooter-04.jpg","http://www.carecomobility.co.uk/products/mobility-scooters/travel-scooters/careco-i-go-travel-scooter-05.jpg","http://www.carecomobility.co.uk/products/mobility-scooters/travel-scooters/careco-i-go-travel-scooter-06.jpg",,,,,,
"MS023","Drive Kite 3","http://www.carecomobility.co.uk/products/mobility-scooters/travel-scooters/drive-kite-3-wheel-scooter-01.jpg","http://www.carecomobility.co.uk/products/mobility-scooters/travel-scooters/drive-kite-3-wheel-scooter-02.jpg",,,,,,,,,,
"SCUK40EMULR12","Pride Go Go Elite Traveller 3","http://www.carecomobility.co.uk/products/mobility-scooters/travel-scooters/pride-go-go-elite-3-01.jpg","http://www.carecomobility.co.uk/products/mobility-scooters/travel-scooters/pride-go-go-elite-3-02.jpg","http://www.carecomobility.co.uk/products/mobility-scooters/travel-scooters/pride-go-go-elite-3-03.jpg","http://www.carecomobility.co.uk/products/mobility-scooters/travel-scooters/pride-go-go-elite-3-04.jpg","http://www.carecomobility.co.uk/products/mobility-scooters/travel-scooters/pride-go-go-elite-3-05.jpg","http://www.carecomobility.co.uk/products/mobility-scooters/travel-scooters/pride-go-go-elite-3-06.jpg",,,,,,
"MS024","Drive Kite 4","http://www.carecomobility.co.uk/products/mobility-scooters/travel-scooters/drive-kite-4-wheel-scooter-01.jpg","http://www.carecomobility.co.uk/products/mobility-scooters/travel-scooters/drive-kite-4-wheel-scooter-02.jpg",,,,,,,,,,
"SCUK40EMULR12","Pride Go Go Elite Traveller 4","http://www.carecomobility.co.uk/products/mobility-scooters/travel-scooters/pride-go-go-elite-traveller-4-01.jpg","http://www.carecomobility.co.uk/products/mobility-scooters/travel-scooters/pride-go-go-elite-traveller-4-02.jpg","http://www.carecomobility.co.uk/products/mobility-scooters/travel-scooters/pride-go-go-elite-traveller-4-03.jpg","http://www.carecomobility.co.uk/products/mobility-scooters/travel-scooters/pride-go-go-elite-traveller-4-04.jpg",,,,,,,,
"I-GO 18AMP","CareCo I-Go Traveller 18amp","http://www.carecomobility.co.uk/products/mobility-scooters/travel-scooters/careco-i-go-travel-scooter-01.jpg","http://www.carecomobility.co.uk/products/mobility-scooters/travel-scooters/careco-i-go-travel-scooter-02.jpg","http://www.carecomobility.co.uk/products/mobility-scooters/travel-scooters/careco-i-go-travel-scooter-03.jpg","http://www.carecomobility.co.uk/products/mobility-scooters/travel-scooters/careco-i-go-travel-scooter-04.jpg","http://www.carecomobility.co.uk/products/mobility-scooters/travel-scooters/careco-i-go-travel-scooter-05.jpg","http://www.carecomobility.co.uk/products/mobility-scooters/travel-scooters/careco-i-go-travel-scooter-06.jpg",,,,,,
"S787NA","Shoprider Whisper","http://www.carecomobility.co.uk/products/mobility-scooters/travel-scooters/roma-whisper-travel-scooter-01.jpg",,,,,,,,,,,
"MS017","Drive Mercury Prism 3","http://www.carecomobility.co.uk/products/mobility-scooters/travel-scooters/drive-medical-prism-3-travel-scooter-02.jpg","http://www.carecomobility.co.uk/products/mobility-scooters/travel-scooters/drive-medical-prism-3-travel-scooter-01.jpg",,,,,,,,,,
"SC44LXUKMR1001","Pride Go Go Elite Traveller LX 12amp","http://www.carecomobility.co.uk/products/mobility-scooters/travel-scooters/go-go-elite-traveller-lx-01.jpg","http://www.carecomobility.co.uk/products/mobility-scooters/travel-scooters/go-go-elite-traveller-lx-02.jpg","http://www.carecomobility.co.uk/products/mobility-scooters/travel-scooters/go-go-elite-traveller-lx-03.jpg",,"http://www.carecomobility.co.uk/products/mobility-scooters/travel-scooters/go-go-elite-traveller-lx-05.jpg",,,,,,,
"PARTNERD","Rascal Partner Deluxe","http://www.carecomobility.co.uk/products/mobility-scooters/travel-scooters/rascal-partner-deluxe-mobility-scooter-01.jpg","http://www.carecomobility.co.uk/products/mobility-scooters/travel-scooters/rascal-partner-deluxe-mobility-scooter-02.jpg",,,,,,,,,,
9280160,"Van Os Medical Boost","http://www.carecomobility.co.uk/products/mobility-scooters/travel-scooters/van-os-boost-01.jpg","http://www.carecomobility.co.uk/products/mobility-scooters/travel-scooters/van-os-boost-02.jpg",,,,,,,,,,
"SC44LXUKMR1002","Pride Go Go Elite Traveller Plus 3","http://www.carecomobility.co.uk/products/mobility-scooters/travel-scooters/pride-elite-traveller-plus-3-01.jpg","http://www.carecomobility.co.uk/products/mobility-scooters/travel-scooters/pride-elite-traveller-plus-3-02.jpg",,,,,,,,,,
"SC44LXUKMR1002","Pride Go Go Elite Traveller LX 17amp","http://www.carecomobility.co.uk/products/mobility-scooters/travel-scooters/go-go-elite-traveller-lx-01.jpg","http://www.carecomobility.co.uk/products/mobility-scooters/travel-scooters/go-go-elite-traveller-lx-02.jpg","http://www.carecomobility.co.uk/products/mobility-scooters/travel-scooters/go-go-elite-traveller-lx-03.jpg","http://www.carecomobility.co.uk/products/mobility-scooters/travel-scooters/go-go-elite-traveller-lx-04.jpg","http://www.carecomobility.co.uk/products/mobility-scooters/travel-scooters/go-go-elite-traveller-lx-05.jpg",,,,,,,
"S841","Roma Vegas ","http://www.carecomobility.co.uk/products/mobility-scooters/travel-scooters/roma-vegas-travel-scooter-01.jpg","http://www.carecomobility.co.uk/products/mobility-scooters/travel-scooters/roma-vegas-travel-scooter-02.jpg",,,,,,,,,,
"SC54UKMR1003","Pride Go Go Elite Traveller Plus 4","http://www.carecomobility.co.uk/products/mobility-scooters/travel-scooters/pride-go-go-elite-traveller-plus-4-01.jpg","http://www.carecomobility.co.uk/products/mobility-scooters/travel-scooters/pride-go-go-elite-traveller-plus-4-02.jpg","http://www.carecomobility.co.uk/products/mobility-scooters/travel-scooters/pride-go-go-elite-traveller-plus-4-03.jpg","http://www.carecomobility.co.uk/products/mobility-scooters/travel-scooters/pride-go-go-elite-traveller-plus-4-04.jpg","http://www.carecomobility.co.uk/products/mobility-scooters/travel-scooters/pride-go-go-elite-traveller-plus-4-05.jpg","http://www.carecomobility.co.uk/products/mobility-scooters/travel-scooters/pride-go-go-elite-traveller-plus-4-06.jpg","http://www.carecomobility.co.uk/products/mobility-scooters/travel-scooters/pride-go-go-elite-traveller-plus-4-07.jpg","http://www.carecomobility.co.uk/products/mobility-scooters/travel-scooters/pride-go-go-elite-traveller-plus-4-08.jpg",,,,
"MS018","Drive Mercury Prism 4","http://www.carecomobility.co.uk/products/mobility-scooters/travel-scooters/drive-medical-prism-4-travel-scooter-01.jpg","http://www.carecomobility.co.uk/products/mobility-scooters/travel-scooters/drive-medical-prism-4-travel-scooter-02.jpg",,,,,,,,,,
"UL480","Rascal Ultralight 480","http://www.carecomobility.co.uk/products/mobility-scooters/travel-scooters/rascal-480-ultra-lightmobility-scooter-01.jpg",,,,,,,,,,,
"UL355XL","Electric Mobility 355XL","http://www.carecomobility.co.uk/products/mobility-scooters/travel-scooters/electric-mobility-355xl-travel-scooter-01.jpg",,,,,,,,,,,
"MS019","Drive Prism Sport ","http://www.carecomobility.co.uk/products/mobility-scooters/travel-scooters/drive-mercury-prism-sport-01.jpg","http://www.carecomobility.co.uk/products/mobility-scooters/travel-scooters/drive-mercury-prism-sport-02.jpg","http://www.carecomobility.co.uk/products/mobility-scooters/travel-scooters/drive-mercury-prism-sport-03.jpg","http://www.carecomobility.co.uk/products/mobility-scooters/travel-scooters/drive-mercury-prism-sport-04.jpg",,,,,,,,
"GK9","Shoprider Paris","http://www.carecomobility.co.uk/products/mobility-scooters/travel-scooters/shoprider-paris-01.jpg",,,,,,,,,,,
"LITEWAYP3","Rascal Liteway 3 Plus","http://www.carecomobility.co.uk/products/mobility-scooters/travel-scooters/rascal-liteway-3-plus-01.jpg","http://www.carecomobility.co.uk/products/mobility-scooters/travel-scooters/rascal-liteway-3-plus-02.jpg",,,,,,,,,,
"GK10","Roma Valencia","http://www.carecomobility.co.uk/products/mobility-scooters/travel-scooters/shoprider-valencia-01.jpg","http://www.carecomobility.co.uk/products/mobility-scooters/travel-scooters/shoprider-valencia-02.jpg",,,,,,,,,,
"LW4","Rascal Liteway 4","http://www.carecomobility.co.uk/products/mobility-scooters/travel-scooters/rascal-liteway-4-01.jpg","http://www.carecomobility.co.uk/products/mobility-scooters/travel-scooters/rascal-liteway-4-02.jpg","http://www.carecomobility.co.uk/products/mobility-scooters/travel-scooters/rascal-liteway-4-03.jpg",,,,,,,,,
"LITEWAYP4","Rascal Liteway 4 Plus","http://www.carecomobility.co.uk/products/mobility-scooters/travel-scooters/rascal-liteway-4-01.jpg","http://www.carecomobility.co.uk/products/mobility-scooters/travel-scooters/rascal-liteway-4-02.jpg","http://www.carecomobility.co.uk/products/mobility-scooters/travel-scooters/rascal-liteway-4-03.jpg",,,,,,,,,
"LW3","Rascal Liteway 3 ","http://www.carecomobility.co.uk/products/mobility-scooters/travel-scooters/rascal-liteway-3-01.jpg","http://www.carecomobility.co.uk/products/mobility-scooters/travel-scooters/rascal-liteway-3-02.jpg","http://www.carecomobility.co.uk/products/mobility-scooters/travel-scooters/rascal-liteway-3-03.jpg",,,,,,,,,
"SCOOTCASE","CareCo Scootcase","http://www.carecomobility.co.uk/products/mobility-scooters/travel-scooters/careco-scootcase-01.jpg","http://www.carecomobility.co.uk/products/mobility-scooters/travel-scooters/careco-scootcase-02.jpg","http://www.carecomobility.co.uk/products/mobility-scooters/travel-scooters/careco-scootcase-03.jpg","http://www.carecomobility.co.uk/products/mobility-scooters/travel-scooters/careco-scootcase-01.jpg",,,,,,,,
"PARTNERD","Rascal Partner Deluxe","http://www.carecomobility.co.uk/products/mobility-scooters/pavement-scooters/rascal-partner-deluxe-mobility-scooter-01.jpg","http://www.carecomobility.co.uk/products/mobility-scooters/pavement-scooters/rascal-partner-deluxe-mobility-scooter-02.jpg",,,,,,,,,,
"SR168-4","Freerider Mayfair 4","http://www.carecomobility.co.uk/products/mobility-scooters/pavement-scooters/mayfair-4-mobility-scooter-01.jpg",,,,,,,,,,,
"S888NR","Roma Sovereign 4","http://www.carecomobility.co.uk/products/mobility-scooters/pavement-scooters/shoprider-soverign-4-01.jpg",,,,,,,,,,,
"MS040","Drive Mercury Neo 4","http://www.carecomobility.co.uk/products/mobility-scooters/pavement-scooters/drive-neo-4-mobility-scooter-01.jpg","http://www.carecomobility.co.uk/products/mobility-scooters/pavement-scooters/drive-neo-4-mobility-scooter-02.jpg","http://www.carecomobility.co.uk/products/mobility-scooters/pavement-scooters/drive-neo-4-mobility-scooter-03.jpg",,,,,,,,,
"S104UKSB1001","Pride Colt ES10","http://www.carecomobility.co.uk/products/mobility-scooters/pavement-scooters/pride-go-go-es10-scooter-01.jpg","http://www.carecomobility.co.uk/products/mobility-scooters/pavement-scooters/pride-go-go-es10-scooter-02.jpg","http://www.carecomobility.co.uk/products/mobility-scooters/pavement-scooters/pride-go-go-es10-scooter-03.jpg",,,,,,,,,
"SPSLSAPHIRE2","Sterling Sapphire 2","http://www.carecomobility.co.uk/products/mobility-scooters/pavement-scooters/sterling-sapphire-2-01.jpg","http://www.carecomobility.co.uk/products/mobility-scooters/pavement-scooters/sterling-sapphire-2-02.jpg",,,,,,,,,,
"SC710UKVB1005","Pride Colt Plus","http://www.carecomobility.co.uk/products/mobility-scooters/pavement-scooters/pride-colt-plus-01.jpg","http://www.carecomobility.co.uk/products/mobility-scooters/pavement-scooters/pride-colt-plus-02.jpg","http://www.carecomobility.co.uk/products/mobility-scooters/pavement-scooters/pride-colt-plus-03.jpg",,,,,,,,,
"GK10","Roma Valencia","http://www.carecomobility.co.uk/products/mobility-scooters/pavement-scooters/shoprider-valencia-01.jpg","http://www.carecomobility.co.uk/products/mobility-scooters/pavement-scooters/shoprider-valencia-02.jpg",,,,,,,,,,
"SC712UKVB1002","Pride Colt Twin","http://www.carecomobility.co.uk/products/mobility-scooters/pavement-scooters/pride-colt-twin-01.jpg","http://www.carecomobility.co.uk/products/mobility-scooters/pavement-scooters/pride-colt-twin-02.jpg","http://www.carecomobility.co.uk/products/mobility-scooters/pavement-scooters/pride-colt-twin-03.jpg","http://www.carecomobility.co.uk/products/mobility-scooters/pavement-scooters/pride-colt-twin-04.jpg","http://www.carecomobility.co.uk/products/mobility-scooters/pavement-scooters/pride-colt-twin-05.jpg",,,,,,,
"S778NR","Shoprider Sovereign 3","http://www.carecomobility.co.uk/products/mobility-scooters/pavement-scooters/shoprider-sovereign-3-01.jpg",,,,,,,,,,,
"TE388DLX","Rascal 388 Deluxe","http://www.carecomobility.co.uk/products/mobility-scooters/pavement-scooters/rascal-388-deluxe-01.jpg",,,,,,,,,,,
"Te450","Rascal 450","http://www.carecomobility.co.uk/products/mobility-scooters/pavement-scooters/rascal-450-mobility-scooter-01.jpg","http://www.carecomobility.co.uk/products/mobility-scooters/pavement-scooters/rascal-450-mobility-scooter-02.jpg",,,,,,,,,,
"S889NR","Shoprider Deluxe","http://www.carecomobility.co.uk/products/mobility-scooters/pavement-scooters/roma-deluxe-mobility-scooter-01.jpg",,,,,,,,,,,
"S742","Roma Sorrento","http://www.carecomobility.co.uk/products/mobility-scooters/pavement-scooters/roma-sorrento-01.jpg",,,,,,,,,,,
"MS050","Drive Mercury Envoy 4","http://www.carecomobility.co.uk/products/mobility-scooters/pavement-scooters/drive-envoy-mobility-scooter-blue-01.jpg","http://www.carecomobility.co.uk/products/mobility-scooters/pavement-scooters/drive-envoy-mobility-scooter-red-02.jpg","http://www.carecomobility.co.uk/products/mobility-scooters/pavement-scooters/drive-envoy-mobility-scooter-white-03.jpg",,,,,,,,,
"SCUK940VBLU","Pride Maxima 4 ","http://www.carecomobility.co.uk/products/mobility-scooters/pavement-scooters/pride-maxima-mobility-scooter-01.jpg","http://www.carecomobility.co.uk/products/mobility-scooters/pavement-scooters/pride-maxima-mobility-scooter-02.jpg","http://www.carecomobility.co.uk/products/mobility-scooters/pavement-scooters/pride-maxima-mobility-scooter-03.jpg","http://www.carecomobility.co.uk/products/mobility-scooters/pavement-scooters/pride-maxima-mobility-scooter-04.jpg","http://www.carecomobility.co.uk/products/mobility-scooters/pavement-scooters/pride-maxima-mobility-scooter-05.jpg","http://www.carecomobility.co.uk/products/mobility-scooters/pavement-scooters/pride-maxima-mobility-scooter-001.jpg","http://www.carecomobility.co.uk/products/mobility-scooters/pavement-scooters/pride-maxima-mobility-scooter-002.jpg","http://www.carecomobility.co.uk/products/mobility-scooters/pavement-scooters/pride-maxima-mobility-scooter-003.jpg","http://www.carecomobility.co.uk/products/mobility-scooters/pavement-scooters/pride-maxima-mobility-scooter-004.jpg","http://www.carecomobility.co.uk/products/mobility-scooters/pavement-scooters/pride-maxima-mobility-scooter-005.jpg",,
"SCUK900VBLU","Pride Maxima 3","http://www.carecomobility.co.uk/products/mobility-scooters/pavement-scooters/pride-maxima-3-mobility-scooter-01.jpg","http://www.carecomobility.co.uk/products/mobility-scooters/pavement-scooters/pride-maxima-3-mobility-scooter-02.jpg","http://www.carecomobility.co.uk/products/mobility-scooters/pavement-scooters/pride-maxima-3-mobility-scooter-03.jpg","http://www.carecomobility.co.uk/products/mobility-scooters/pavement-scooters/pride-maxima-3-mobility-scooter-04.jpg","http://www.carecomobility.co.uk/products/mobility-scooters/pavement-scooters/pride-maxima-3-mobility-scooter-05.jpg",,,,,,,
"LITEWAYP4","Rascal Liteway 4 Plus","http://www.carecomobility.co.uk/products/mobility-scooters/pavement-scooters/rascal-liteway-4-01.jpg","http://www.carecomobility.co.uk/products/mobility-scooters/pavement-scooters/rascal-liteway-4-02.jpg","http://www.carecomobility.co.uk/products/mobility-scooters/pavement-scooters/rascal-liteway-4-03.jpg",,,,,,,,,
"s146","Roma Lyon","http://www.carecomobility.co.uk/products/mobility-scooters/pavement-scooters/shoprider-lyon-01.jpg","http://www.carecomobility.co.uk/products/mobility-scooters/pavement-scooters/shoprider-lyon-02.jpg",,,,,,,,,,
"MS041","Drive Mercury Neo 6","http://www.carecomobility.co.uk/products/mobility-scooters/6-8mph-scooters/neo-6-mobility-scooter-01.jpg","http://www.carecomobility.co.uk/products/mobility-scooters/6-8mph-scooters/neo-6-mobility-scooter-02.jpg","http://www.carecomobility.co.uk/products/mobility-scooters/6-8mph-scooters/neo-6-mobility-scooter-03.jpg",,,,,,,,,
"SC710DXUK","Pride Colt Deluxe","http://www.carecomobility.co.uk/products/mobility-scooters/6-8mph-scooters/pride-colt-deluxe-01.jpg","http://www.carecomobility.co.uk/products/mobility-scooters/6-8mph-scooters/pride-colt-deluxe-2a.jpg","http://www.carecomobility.co.uk/products/mobility-scooters/6-8mph-scooters/pride-colt-deluxe-02.jpg","http://www.carecomobility.co.uk/products/mobility-scooters/6-8mph-scooters/pride-colt-deluxe-03.jpg","http://www.carecomobility.co.uk/products/mobility-scooters/6-8mph-scooters/pride-colt-deluxe-04.jpg","http://www.carecomobility.co.uk/products/mobility-scooters/6-8mph-scooters/pride-colt-deluxe-05.jpg",,,,,,
"UNIVERSE","CareCo Universe","http://www.carecomobility.co.uk/products/mobility-scooters/6-8mph-scooters/careco-universe-mobility-scooter-01.jpg","http://www.carecomobility.co.uk/products/mobility-scooters/6-8mph-scooters/careco-universe-mobility-scooter-02.jpg",,,,,,,,,,
"388XL","Rascal 388 XL","http://www.carecomobility.co.uk/products/mobility-scooters/6-8mph-scooters/rascal-388xl-mobility-scooter-01.jpg",,,,,,,,,,,
"S888SLR","Shoprider Perrero","http://www.carecomobility.co.uk/products/mobility-scooters/6-8mph-scooters/roma-perrero-mobility-scooter-01.jpg","http://www.carecomobility.co.uk/products/mobility-scooters/6-8mph-scooters/roma-perrero-mobility-scooter-02.jpg",,,,,,,,,,
"SR510DXS2B","Freerider Kensington","http://www.carecomobility.co.uk/products/mobility-scooters/6-8mph-scooters/kensington-s2-mobility-scooter-01.jpg","http://www.carecomobility.co.uk/products/mobility-scooters/6-8mph-scooters/kensington-s2-mobility-scooter-02.jpg","http://www.carecomobility.co.uk/products/mobility-scooters/6-8mph-scooters/kensington-s2-mobility-scooter-03.jpg","http://www.carecomobility.co.uk/products/mobility-scooters/6-8mph-scooters/kensington-s2-mobility-scooter-04.jpg",,,,,,,,
"MS042","Drive Mercury Neo 8","http://www.carecomobility.co.uk/products/mobility-scooters/6-8mph-scooters/mercury-neo-8-mobility-scooter-01.jpg","http://www.carecomobility.co.uk/products/mobility-scooters/6-8mph-scooters/mercury-neo-8-mobility-scooter-02.jpg","http://www.carecomobility.co.uk/products/mobility-scooters/6-8mph-scooters/mercury-neo-8-mobility-scooter-03.jpg",,,,,,,,,
"RASCAL 650","Rascal 650","http://www.carecomobility.co.uk/products/mobility-scooters/6-8mph-scooters/rascal-650-mobility-scooter-01.jpg",,,,,,,,,,,
"SCUK4401SPOBLK","Pride Celebrity X Sport","http://www.carecomobility.co.uk/products/mobility-scooters/6-8mph-scooters/pride-celebrity-x-sport-01.jpg","http://www.carecomobility.co.uk/products/mobility-scooters/6-8mph-scooters/pride-celebrity-x-sport-02.jpg","http://www.carecomobility.co.uk/products/mobility-scooters/6-8mph-scooters/pride-celebrity-x-sport-03.jpg","http://www.carecomobility.co.uk/products/mobility-scooters/6-8mph-scooters/pride-celebrity-x-sport-04.jpg","http://www.carecomobility.co.uk/products/mobility-scooters/6-8mph-scooters/pride-celebrity-x-sport-05.jpg",,,,,,,
"S889SL","Shoprider Cadiz","http://www.carecomobility.co.uk/products/mobility-scooters/6-8mph-scooters/roma-cadiz-mobility-scooter-01.jpg","http://www.carecomobility.co.uk/products/mobility-scooters/6-8mph-scooters/roma-cadiz-mobility-scooter-02.jpg",,,,,,,,,,
"S710DXWUKV","Pride Colt Sport","http://www.carecomobility.co.uk/products/mobility-scooters/6-8mph-scooters/pride-colt-sport-mobility-scooter-01.jpg","http://www.carecomobility.co.uk/products/mobility-scooters/6-8mph-scooters/pride-colt-sport-mobility-scooter-02.jpg","http://www.carecomobility.co.uk/products/mobility-scooters/6-8mph-scooters/pride-colt-sport-mobility-scooter-03.jpg","http://www.carecomobility.co.uk/products/mobility-scooters/6-8mph-scooters/pride-colt-sport-mobility-scooter-04.jpg",,,,,,,,
"SPSPDIAMOND","Sterling Diamond","http://www.carecomobility.co.uk/products/mobility-scooters/6-8mph-scooters/sunrise-sterling-diamond-mobility-scooter-01.jpg","http://www.carecomobility.co.uk/products/mobility-scooters/6-8mph-scooters/sunrise-sterling-diamond-mobility-scooter-02.jpg","http://www.carecomobility.co.uk/products/mobility-scooters/6-8mph-scooters/sunrise-sterling-diamond-mobility-scooter-03.jpg","http://www.carecomobility.co.uk/products/mobility-scooters/6-8mph-scooters/sunrise-sterling-diamond-mobility-scooter-04.jpg","http://www.carecomobility.co.uk/products/mobility-scooters/6-8mph-scooters/sunrise-sterling-diamond-mobility-scooter-05.jpg","http://www.carecomobility.co.uk/products/mobility-scooters/6-8mph-scooters/sunrise-sterling-diamond-mobility-scooter-06.jpg",,,,,,
"RASCAL 850","Rascal 850 ","http://www.carecomobility.co.uk/products/mobility-scooters/6-8mph-scooters/rascal-850-mobility-scooter-01.jpg","http://www.carecomobility.co.uk/products/mobility-scooters/6-8mph-scooters/rascal-850-mobility-scooter-02.jpg",,,,,,,,,,
"MS052","Drive Mercury Envoy 8","http://www.carecomobility.co.uk/products/mobility-scooters/6-8mph-scooters/drive-envoy-mobility-scooter-blue-01.jpg","http://www.carecomobility.co.uk/products/mobility-scooters/6-8mph-scooters/drive-envoy-mobility-scooter-red-02.jpg","http://www.carecomobility.co.uk/products/mobility-scooters/6-8mph-scooters/drive-envoy-mobility-scooter-white-03.jpg",,,,,,,,,
"S743","Roma Granada","http://www.carecomobility.co.uk/products/mobility-scooters/6-8mph-scooters/roma-granada-mobility-scooter-01.jpg",,,,,,,,,,,
"MS052","Drive Mercury Envoy 6","http://www.carecomobility.co.uk/products/mobility-scooters/6-8mph-scooters/drive-envoy-mobility-scooter-blue-01.jpg","http://www.carecomobility.co.uk/products/mobility-scooters/6-8mph-scooters/drive-envoy-mobility-scooter-red-02.jpg","http://www.carecomobility.co.uk/products/mobility-scooters/6-8mph-scooters/drive-envoy-mobility-scooter-white-03.jpg",,,,,,,,,
"MREG","Drive Mercury Regatta 8","http://www.carecomobility.co.uk/products/mobility-scooters/6-8mph-scooters/regatta-8-mobility-scooter-01.jpg","http://www.carecomobility.co.uk/products/mobility-scooters/6-8mph-scooters/regatta-8-mobility-scooter-02.jpg",,,,,,,,,,
"LITEWAY6","Rascal Liteway 6","http://www.carecomobility.co.uk/products/mobility-scooters/6-8mph-scooters/rascal-liteway-6-mobiliity-scooter-02.jpg",,,,,,,,,,,
"329LE","Rascal 329 LE","http://www.carecomobility.co.uk/products/mobility-scooters/6-8mph-scooters/rascal-329le-01.jpg",,,,,,,,,,,
"S889XLSBN","Shoprider Cordoba","http://www.carecomobility.co.uk/products/mobility-scooters/6-8mph-scooters/roma-cordoba-mobility-scooter-01.jpg","http://www.carecomobility.co.uk/products/mobility-scooters/6-8mph-scooters/roma-cordoba-mobility-scooter-02.jpg",,,,,,,,,,
"SC713UK","Pride Colt Pursuit 50amp","http://www.carecomobility.co.uk/products/mobility-scooters/6-8mph-scooters/pride-colt-pursuit-mobility-scooter-01.jpg","http://www.carecomobility.co.uk/products/mobility-scooters/6-8mph-scooters/pride-colt-pursuit-mobility-scooter-02.jpg","http://www.carecomobility.co.uk/products/mobility-scooters/6-8mph-scooters/pride-colt-pursuit-mobility-scooter-03.jpg","http://www.carecomobility.co.uk/products/mobility-scooters/6-8mph-scooters/pride-colt-pursuit-mobility-scooter-04.jpg","http://www.carecomobility.co.uk/products/mobility-scooters/6-8mph-scooters/pride-colt-pursuit-mobility-scooter-05.jpg",,,,,,,
"LITEWAY8","Rascal Liteway 8","http://www.carecomobility.co.uk/products/mobility-scooters/6-8mph-scooters/rascal-liteway-8-mobility-scooter-01.jpg","http://www.carecomobility.co.uk/products/mobility-scooters/6-8mph-scooters/rascal-liteway-8-mobility-scooter-02.jpg","http://www.carecomobility.co.uk/products/mobility-scooters/6-8mph-scooters/rascal-liteway-8-mobility-scooter-03.jpg",,,,,,,,,
"S778XLSBN","Roma Torino","http://www.carecomobility.co.uk/products/mobility-scooters/6-8mph-scooters/roma-torino-mobility-scooter-01.jpg",,,,,,,,,,,
"SC713UK","Pride Colt Pursuit 70amp","http://www.carecomobility.co.uk/products/mobility-scooters/6-8mph-scooters/pride-colt-pursuit-mobility-scooter-01.jpg","http://www.carecomobility.co.uk/products/mobility-scooters/6-8mph-scooters/pride-colt-pursuit-mobility-scooter-02.jpg","http://www.carecomobility.co.uk/products/mobility-scooters/6-8mph-scooters/pride-colt-pursuit-mobility-scooter-03.jpg","http://www.carecomobility.co.uk/products/mobility-scooters/6-8mph-scooters/pride-colt-pursuit-mobility-scooter-04.jpg","http://www.carecomobility.co.uk/products/mobility-scooters/6-8mph-scooters/pride-colt-pursuit-mobility-scooter-05.jpg",,,,,,,
"SCORPIO","CareCo Scorpio","http://www.carecomobility.co.uk/products/mobility-scooters/6-8mph-scooters/careco-scorpio-mobility-scooter-01.jpg","http://www.carecomobility.co.uk/products/mobility-scooters/6-8mph-scooters/careco-scorpio-mobility-scooter-02.jpg","http://www.carecomobility.co.uk/products/mobility-scooters/6-8mph-scooters/careco-scorpio-mobility-scooter-03.jpg","http://www.carecomobility.co.uk/products/mobility-scooters/6-8mph-scooters/careco-scorpio-mobility-scooter-04.jpg",,,,,"http://www.youtube.com/watch?v=PfFAmNOkHYM&feature=player_detailpage&list=PLuCu5DMO3YRNxIv8B260ZyMY1RSWUwcK5","http://www.youtube.com/watch?v=PfFAmNOkHYM&feature=player_detailpage&list=PLuCu5DMO3YRNxIv8B260ZyMY1RSWUwcK5",,
"M48GT","Drive Mercury GT","http://www.carecomobility.co.uk/products/mobility-scooters/6-8mph-scooters/drive-mercury-gt-01.jpg","http://www.carecomobility.co.uk/products/mobility-scooters/6-8mph-scooters/drive-mercury-gt-02.jpg",,,,,,,,,,
"SC714UK","Pride Colt Executive","http://www.carecomobility.co.uk/products/mobility-scooters/6-8mph-scooters/pride-colt-executive-01.jpg","http://www.carecomobility.co.uk/products/mobility-scooters/6-8mph-scooters/pride-colt-executive-02.jpg","http://www.carecomobility.co.uk/products/mobility-scooters/6-8mph-scooters/pride-colt-executive-03.jpg","http://www.carecomobility.co.uk/products/mobility-scooters/6-8mph-scooters/pride-colt-executive-04.jpg","http://www.carecomobility.co.uk/products/mobility-scooters/6-8mph-scooters/pride-colt-executive-05.jpg","http://www.carecomobility.co.uk/products/mobility-scooters/6-8mph-scooters/pride-colt-executive-06.jpg",,,,,,
"COBRA","Drive Cobra","http://www.carecomobility.co.uk/products/mobility-scooters/6-8mph-scooters/drive-medical-cobra-mobility-scooter-01.jpg","http://www.carecomobility.co.uk/products/mobility-scooters/6-8mph-scooters/drive-medical-cobra-mobility-scooter-02.jpg","http://www.carecomobility.co.uk/products/mobility-scooters/6-8mph-scooters/drive-medical-cobra-mobility-scooter-03.jpg","http://www.carecomobility.co.uk/products/mobility-scooters/6-8mph-scooters/drive-medical-cobra-mobility-scooter-04.jpg","http://www.carecomobility.co.uk/products/mobility-scooters/6-8mph-scooters/drive-medical-cobra-mobility-scooter-05.jpg","http://www.carecomobility.co.uk/products/mobility-scooters/6-8mph-scooters/drive-medical-cobra-mobility-scooter-06.jpg","http://www.carecomobility.co.uk/products/mobility-scooters/6-8mph-scooters/drive-medical-cobra-mobility-scooter-07.jpg","http://www.carecomobility.co.uk/products/mobility-scooters/6-8mph-scooters/drive-medical-cobra-mobility-scooter-08.jpg",,,,
"HW005","Drive Aviator","http://www.carecomobility.co.uk/products/mobility-scooters/6-8mph-scooters/drive-aviator-mobility-scooter-01.jpg","http://www.carecomobility.co.uk/products/mobility-scooters/6-8mph-scooters/drive-aviator-mobility-scooter-02.jpg","http://www.carecomobility.co.uk/products/mobility-scooters/6-8mph-scooters/drive-aviator-mobility-scooter-03.jpg","http://www.carecomobility.co.uk/products/mobility-scooters/6-8mph-scooters/drive-aviator-mobility-scooter-04.jpg","http://www.carecomobility.co.uk/products/mobility-scooters/6-8mph-scooters/drive-aviator-mobility-scooter-05.jpg",,,,,,,
"SR001BLK","Drive Sport Rider","http://www.carecomobility.co.uk/products/mobility-scooters/6-8mph-scooters/drive-sport-rider-01.jpg","http://www.carecomobility.co.uk/products/mobility-scooters/6-8mph-scooters/drive-sport-rider-02.jpg","http://www.carecomobility.co.uk/products/mobility-scooters/6-8mph-scooters/drive-sport-rider-03.jpg","http://www.carecomobility.co.uk/products/mobility-scooters/6-8mph-scooters/drive-sport-rider-04.jpg","http://www.carecomobility.co.uk/products/mobility-scooters/6-8mph-scooters/drive-sport-rider-05.jpg",,,,,,,
"HW002","Drive Royale 4","http://www.carecomobility.co.uk/products/mobility-scooters/6-8mph-scooters/drive-royale-4-01.jpg","http://www.carecomobility.co.uk/products/mobility-scooters/6-8mph-scooters/drive-royale-4-02.jpg","http://www.carecomobility.co.uk/products/mobility-scooters/6-8mph-scooters/drive-royale-4-03.jpg","http://www.carecomobility.co.uk/products/mobility-scooters/6-8mph-scooters/drive-royale-4-04.jpg",,,,,,,,
"HW001","Drive Royale 3","http://www.carecomobility.co.uk/products/mobility-scooters/6-8mph-scooters/drive-royale-3-mobility-scooter-01.jpg","http://www.carecomobility.co.uk/products/mobility-scooters/6-8mph-scooters/drive-royale-3-mobility-scooter-02.jpg","http://www.carecomobility.co.uk/products/mobility-scooters/6-8mph-scooters/drive-royale-3-mobility-scooter-03.jpg",,,,,,,,,
"RASCALVISION","Rascal Vision","http://www.carecomobility.co.uk/products/mobility-scooters/6-8mph-scooters/rascal-vision-scooter-01.jpg","http://www.carecomobility.co.uk/products/mobility-scooters/6-8mph-scooters/rascal-vision-scooter-02.jpg","http://www.carecomobility.co.uk/products/mobility-scooters/6-8mph-scooters/rascal-vision-scooter-03.jpg","http://www.carecomobility.co.uk/products/mobility-scooters/6-8mph-scooters/rascal-vision-scooter-04.jpg","http://www.carecomobility.co.uk/products/mobility-scooters/6-8mph-scooters/rascal-vision-scooter-05.jpg",,,,,,,
"S889XLSBN/CAN","Shoprider Traveso","http://www.carecomobility.co.uk/products/mobility-scooters/6-8mph-scooters/shoprider-traveso-mobility-scooter-01.jpg",,,,,,,,,,,
"PMV600","Pride Ranger","http://www.carecomobility.co.uk/products/mobility-scooters/6-8mph-scooters/pride-ranger-scooter-01.jpg","http://www.carecomobility.co.uk/products/mobility-scooters/6-8mph-scooters/pride-ranger-scooter-02.jpg","http://www.carecomobility.co.uk/products/mobility-scooters/6-8mph-scooters/pride-ranger-scooter-03.jpg","http://www.carecomobility.co.uk/products/mobility-scooters/6-8mph-scooters/pride-ranger-scooter-04.jpg",,,,,,,,
"VSCD","Deluxe Scooter Storage Cover","http://www.carecomobility.co.uk/products/mobility-scooters/mobility-scooter-covers/deluxe-scooter-storage-cover.jpg",,,,,,,,,,,
"VSCD2XL51","XXL Deluxe Scooter Storage Cover","http://www.carecomobility.co.uk/products/mobility-scooters/mobility-scooter-covers/xxl-deluxe-scooter-storage-cover-VSCD2XL51.jpg",,,,,,,,,,,
"VSCDXS51","Mini Deluxe Scooter Storage Cover","http://www.carecomobility.co.uk/products/mobility-scooters/mobility-scooter-covers/xxl-deluxe-scooter-storage-cover-VSCD2XL51.jpg",,,,,,,,,,,
"VSC51","Scooter Storage Cover","http://www.carecomobility.co.uk/products/mobility-scooters/mobility-scooter-covers/xxl-deluxe-scooter-storage-cover-VSCD2XL51.jpg",,,,,,,,,,,
"SSFPU28 = Green, SSFPU55 = Black","Scooter Shelter","http://www.carecomobility.co.uk/products/mobility-scooters/mobility-scooter-covers/simplantex-scooter-shelter-SSFPU55.jpg",,,,,,,,,,,
"SCPCU28","Scooter Control Panel Cover","http://www.carecomobility.co.uk/products/mobility-scooters/mobility-scooter-covers/scooter-control-panel-cover-SCPCU28.jpg",,,,,,,,,,,
"SSC","Scooter Seat Cover","http://www.carecomobility.co.uk/products/mobility-scooters/mobility-scooter-covers/simplantex-scooter-seat-cover-SSC.jpg",,,,,,,,,,,
"HVCWSBU28","High Vision Crutch Walking Stick Bag","http://www.carecomobility.co.uk/products/mobility-scooters/mobility-scooter-accessories/high-vision-crutch-walking-stick-bag-HVCWSBU28.jpg",,,,,,,,,,,
"ECWSBU28","Crutch Walking Stick Bag","http://www.carecomobility.co.uk/products/mobility-scooters/mobility-scooter-accessories/crutch-walking-stick-bag-ECWSBU28.jpg",,,,,,,,,,,
"CWSVU28","Deluxe Crutch Walking Stick Bag","http://www.carecomobility.co.uk/products/mobility-scooters/mobility-scooter-accessories/deluxe-crutch-walking-stick-bag-CWSVU28.jpg",,,,,,,,,,,
"LECWSB12","Leatherette Crutch Walking Stick Bag","http://www.carecomobility.co.uk/products/mobility-scooters/mobility-scooter-accessories/leatherette-crutch-walking-stick-bag-LECWSB12.jpg",,,,,,,,,,,
"DOSBU28","Drop Over Scooter Bag","http://www.carecomobility.co.uk/products/mobility-scooters/mobility-scooter-accessories/drop-over-scooter-bag-DOSBU28.jpg",,,,,,,,,,,
"mmbu28","Mini Mobility Bag","http://www.carecomobility.co.uk/products/mobility-scooters/mobility-scooter-accessories/mini-mobility-bag-MMBU28.jpg",,,,,,,,,,,
"MBU28","Mobility Bag","http://www.carecomobility.co.uk/products/mobility-scooters/mobility-scooter-accessories/mobility-scooter-bag-MBU28.jpg",,,,,,,,,,,
"obu28","Oxygen Bag","http://www.carecomobility.co.uk/products/mobility-scooters/mobility-scooter-accessories/oxygen-bag-OBU28.jpg",,,,,,,,,,,
"DSBU28","Scooter Bag","http://www.carecomobility.co.uk/products/mobility-scooters/mobility-scooter-accessories/scooter-bag-DSBU28.jpg",,,,,,,,,,,
"SBLU51","Scooter Basket and Liner Cover","http://www.carecomobility.co.uk/products/mobility-scooters/mobility-scooter-accessories/scooter-basket-liner-and-cover-SBLU51.jpg",,,,,,,,,,,
"P - MC","Posturerex - Multiway Cushion","http://www.carecomobility.co.uk/products/mobility-scooters/mobility-scooter-accessories/posturetex-multiway-cushion-P-MC.jpg",,,,,,,,,,,
"DSITDH28 (Black) 29 (Chrome)","Deluxe Screw In Tax Disc Holder","http://www.carecomobility.co.uk/products/mobility-scooters/mobility-scooter-accessories/screw-in-tax-disc-holder-DSITDH.jpg",,,,,,,,,,,
"MSF","Mobility Fleece","http://www.carecomobility.co.uk/products/mobility-scooters/mobility-scooter-accessories/mobility-fleece-MSF.jpg",,,,,,,,,,,
"WCSF","Fleece Seat Pad","http://www.carecomobility.co.uk/products/mobility-scooters/mobility-scooter-accessories/fleece-seat-pad-WCSF.jpg",,,,,,,,,,,
"RRA (Amber) RRR (Red) RRW (White)","Rectangular Reflectors","http://www.carecomobility.co.uk/products/mobility-scooters/mobility-scooter-accessories/rectangular-reflectors-RR.jpg",,,,,,,,,,,
"RAT","Reflective Adhesive Tape","http://www.carecomobility.co.uk/products/mobility-scooters/mobility-scooter-accessories/reflective-adhesive-tape-RAT.jpg",,,,,,,,,,,
"RW","Reflective Waistcoat","http://www.carecomobility.co.uk/products/mobility-scooters/mobility-scooter-accessories/reflectifve-waistcoat-RW.jpg",,,,,,,,,,,
"SITDH","Screw In Tax Disc Holder","http://www.carecomobility.co.uk/products/mobility-scooters/mobility-scooter-accessories/deluxe-screw-in-tax-holder-SITDH.jpg",,,,,,,,,,,
"SBRB","Sam Browne Reflective Belt","http://www.carecomobility.co.uk/products/mobility-scooters/mobility-scooter-accessories/sam-browne-reflective-coat-SBRB.jpg",,,,,,,,,,,
"LBOU28","Saftey Strap","http://www.carecomobility.co.uk/products/mobility-scooters/mobility-scooter-accessories/safety-strap-LBOU28.jpg",,,,,,,,,,,
"MWSH","Metal Crutch Walking Stick Holders","http://www.carecomobility.co.uk/products/mobility-scooters/mobility-scooter-accessories/metal-crutch-walking-stick-holders-MWSH.jpg",,,,,,,,,,,
"MPC","Multipurpose Carrier","http://www.carecomobility.co.uk/products/mobility-scooters/mobility-scooter-accessories/multi-purpose-carrier-MPC.jpg",,,,,,,,,,,
"MPCWP","Multipurpose Carrier With Wheel Pack","http://www.carecomobility.co.uk/products/mobility-scooters/mobility-scooter-accessories/multipurpose-carrier-with-wheel-pack-MPCWP.jpg",,,,,,,,,,,
"SSSU","Simplantex Scooter Shopper","http://www.carecomobility.co.uk/products/mobility-scooters/mobility-scooter-accessories/simplantex-scooter-shopper-SSSU.jpg",,,,,,,,,,,
"DSSP","Deluxe Scooter Starter Pack","http://www.carecomobility.co.uk/products/mobility-scooters/mobility-scooter-accessories/deluxe-scooter-starter-pack-DSSP.jpg",,,,,,,,,,,
"ssp","Scooter Starter Pack","http://www.carecomobility.co.uk/products/mobility-scooters/mobility-scooter-accessories/scooter-starter-pack-SSP.jpg",,,,,,,,,,,
"ALARM","Mobility Scooter Alarm","http://www.carecomobility.co.uk/products/mobility-scooters/mobility-scooter-accessories/mobility-scooter-alarm-ALARM.jpg",,,,,,,,,,,
"RT5025","Mobility Scooter Tiller Security Bag","http://www.carecomobility.co.uk/products/mobility-scooters/mobility-scooter-accessories/mobility-scooter-tiller-security-bag-rt5025.jpg",,,,,,,,,,,
"Kool Kaddy","Kool Kaddy","http://www.carecomobility.co.uk/products/mobility-scooters/mobility-scooter-accessories/koolcaddy-01.jpg","http://www.carecomobility.co.uk/products/mobility-scooters/mobility-scooter-accessories/koolcaddy-02.jpg","http://www.carecomobility.co.uk/products/mobility-scooters/mobility-scooter-accessories/koolcaddy-03.jpg","http://www.carecomobility.co.uk/products/mobility-scooters/mobility-scooter-accessories/koolcaddy-04.jpg","http://www.carecomobility.co.uk/products/mobility-scooters/mobility-scooter-accessories/koolcaddy-05.jpg","http://www.carecomobility.co.uk/products/mobility-scooters/mobility-scooter-accessories/koolcaddy-06.jpg","http://www.carecomobility.co.uk/products/mobility-scooters/mobility-scooter-accessories/koolcaddy-07.jpg","http://www.carecomobility.co.uk/products/mobility-scooters/mobility-scooter-accessories/koolcaddy-08.jpg",,,,
"PUNC","Mobility Scooter Liquid Puncture Sealant","http://www.carecomobility.co.uk/products/mobility-scooters/mobility-scooter-accessories/flexel-mobility-scooter-liquid-puncture-sealant-PUNC.jpg",,,,,,,,,,,
"AIRSAFEPLUG","Mobility Scooter and Powerchair Immobiliser","http://www.carecomobility.co.uk/products/mobility-scooters/mobility-scooter-accessories/airsafe-plug-01.jpg","http://www.carecomobility.co.uk/products/mobility-scooters/mobility-scooter-accessories/airsafe-plug-02.jpg","http://www.carecomobility.co.uk/products/mobility-scooters/mobility-scooter-accessories/airsafe-plug-03.jpg",,,,,,,,,
"BAT/UB12-10","12v 10A/H Battery","http://www.carecomobility.co.uk/products/mobility-scooters/mobility-scooter-batteries/flexel-mobility-scooter-batteries.jpg",,,,,,,,,,,
"BAT/UB12-12","12v 12A/H Battery","http://www.carecomobility.co.uk/products/mobility-scooters/mobility-scooter-batteries/flexel-mobility-scooter-batteries.jpg",,,,,,,,,,,
"BAT/UB12-15","12v 15A/H Battery","http://www.carecomobility.co.uk/products/mobility-scooters/mobility-scooter-batteries/flexel-mobility-scooter-batteries.jpg",,,,,,,,,,,
"BAT/UB12-18","12v 18A/H Battery","http://www.carecomobility.co.uk/products/mobility-scooters/mobility-scooter-batteries/flexel-mobility-scooter-batteries.jpg",,,,,,,,,,,
"BAT/UB12-22","12v 22A/H Battery","http://www.carecomobility.co.uk/products/mobility-scooters/mobility-scooter-batteries/flexel-mobility-scooter-batteries.jpg",,,,,,,,,,,
"BAT/UB12-35","12v 35A/H Battery","http://www.carecomobility.co.uk/products/mobility-scooters/mobility-scooter-batteries/flexel-mobility-scooter-batteries.jpg",,,,,,,,,,,
"BAT/UB12-40","12v 40A/H Battery","http://www.carecomobility.co.uk/products/mobility-scooters/mobility-scooter-batteries/flexel-mobility-scooter-batteries.jpg",,,,,,,,,,,
"BAT/UB12-50","12v 50A/H Battery","http://www.carecomobility.co.uk/products/mobility-scooters/mobility-scooter-batteries/flexel-mobility-scooter-batteries.jpg",,,,,,,,,,,
"BAT/UB12-55","12v 55A/H Battery","http://www.carecomobility.co.uk/products/mobility-scooters/mobility-scooter-batteries/flexel-mobility-scooter-batteries.jpg",,,,,,,,,,,
"BAT/UB12-75","12v 75A/H Battery","http://www.carecomobility.co.uk/products/mobility-scooters/mobility-scooter-batteries/flexel-mobility-scooter-batteries.jpg",,,,,,,,,,,
"BAT/UB12-110","12v 110A/H Battery","http://www.carecomobility.co.uk/products/mobility-scooters/mobility-scooter-batteries/flexel-mobility-scooter-batteries.jpg",,,,,,,,,,,
"USA2AMP","Mobility Scooter USA  2amp Charger",,,,,,,,,,,,
"BAT/C/CTE24V2A","Mobility Scooter 2amp Charger","http://www.carecomobility.co.uk/products/mobility-scooters/mobility-scooter-chargers/mobility-scooter-charger-2amp-cte24v2a.jpg",,,,,,,,,,,
"BAT/C/CTE24V5A","Mobility Scooter 5amp Charger","http://www.carecomobility.co.uk/products/mobility-scooters/mobility-scooter-chargers/mobility-scooter-charger-2amp-cte24v2a.jpg",,,,,,,,,,,
"BAT/C/24V8A","Mobility Scooter 8amp Charger","http://www.carecomobility.co.uk/products/mobility-scooters/mobility-scooter-chargers/flexel-scooter-charger-24v8a.jpg",,,,,,,,,,,
"BAT/C/24VINC","Mobility Scooter In Car Chargaer","http://www.carecomobility.co.uk/products/mobility-scooters/mobility-scooter-chargers/flexel-scooter-charger-24v8a.jpg",,,,,,,,,,,
"TRP607-2","2 ft Folding Ramp","http://www.carecomobility.co.uk/products/mobility-scooters/mobility-scooter-ramps/mobility-scooter-folding-ramps-01.jpg",,,,,,,,,,,
"TRP607-3","3 ft Folding Ramp","http://www.carecomobility.co.uk/products/mobility-scooters/mobility-scooter-ramps/mobility-scooter-folding-ramps-01.jpg",,,,,,,,,,,
"TRP607-4","4 ft Folding Ramp","http://www.carecomobility.co.uk/products/mobility-scooters/mobility-scooter-ramps/mobility-scooter-folding-ramps-01.jpg",,,,,,,,,,,
"TRP607-5","5 ft Folding Ramp","http://www.carecomobility.co.uk/products/mobility-scooters/mobility-scooter-ramps/mobility-scooter-folding-ramps-01.jpg",,,,,,,,,,,
"TRP607-6","6 ft Folding Ramp","http://www.carecomobility.co.uk/products/mobility-scooters/mobility-scooter-ramps/mobility-scooter-folding-ramps-01.jpg",,,,,,,,,,,
"TRP607-7","7 ft Folding Ramp","http://www.carecomobility.co.uk/products/mobility-scooters/mobility-scooter-ramps/mobility-scooter-folding-ramps-01.jpg",,,,,,,,,,,
"TRP607-8","8 ft Folding Ramp","http://www.carecomobility.co.uk/products/mobility-scooters/mobility-scooter-ramps/mobility-scooter-folding-ramps-01.jpg",,,,,,,,,,,
"TRP-WE6","2 inch Threshold Wedge Ramp","http://www.carecomobility.co.uk/products/mobility-scooters/mobility-scooter-ramps/mobility-scooter-threshold-wedge-ramp.jpg",,,,,,,,,,,
"TRP-WE8","3 inch Threshold Wedge Ramp","http://www.carecomobility.co.uk/products/mobility-scooters/mobility-scooter-ramps/mobility-scooter-threshold-wedge-ramp.jpg",,,,,,,,,,,
"TRP-WE10","4 inch Threshold Wedge Ramp","http://www.carecomobility.co.uk/products/mobility-scooters/mobility-scooter-ramps/mobility-scooter-threshold-wedge-ramp.jpg",,,,,,,,,,,
"TRP-BR4","1 inch Threshold Bridge Ramp","http://www.carecomobility.co.uk/products/mobility-scooters/mobility-scooter-ramps/mobility-scooter-threshold-bridge-ramp.jpg",,,,,,,,,,,
"TRP-BR6","2 inch Threshold Bridge Ramp","http://www.carecomobility.co.uk/products/mobility-scooters/mobility-scooter-ramps/mobility-scooter-threshold-bridge-ramp.jpg",,,,,,,,,,,
"TRP-BR8","3 inch Threshold Bridge Ramp","http://www.carecomobility.co.uk/products/mobility-scooters/mobility-scooter-ramps/mobility-scooter-threshold-bridge-ramp.jpg",,,,,,,,,,,
"TRP-BR10","4 inch Threshold Bridge Ramp","http://www.carecomobility.co.uk/products/mobility-scooters/mobility-scooter-ramps/mobility-scooter-threshold-bridge-ramp.jpg",,,,,,,,,,,
"ZT-664-WCR5","5 ft Telescopic Ramp","http://www.carecomobility.co.uk/products/mobility-scooters/mobility-scooter-ramps/ztec-telescopic-ramps-01.jpg",,,,,,,,,,,
"ZT-664-WCR7","7 ft Telescopic Ramp","http://www.carecomobility.co.uk/products/mobility-scooters/mobility-scooter-ramps/ztec-telescopic-ramps-01.jpg",,,,,,,,,,,
"R008","6 ft Smart Ramp","http://www.carecomobility.co.uk/products/mobility-scooters/mobility-scooter-ramps/drive-medical-smart-ramps-01.jpg","http://www.carecomobility.co.uk/products/mobility-scooters/mobility-scooter-ramps/drive-medical-smart-ramps-02.jpg",,,,,,,,,,
"R004","3 ft Roll-Up Ramp","http://www.carecomobility.co.uk/products/mobility-scooters/mobility-scooter-ramps/drive-medical-smart-ramps-01.jpg","http://www.carecomobility.co.uk/products/mobility-scooters/mobility-scooter-ramps/drive-medical-smart-ramps-02.jpg",,,,,,,,,,
"R005","5 ft Roll-Up Ramp","http://www.carecomobility.co.uk/products/mobility-scooters/mobility-scooter-ramps/drive-medical-smart-ramps-01.jpg","http://www.carecomobility.co.uk/products/mobility-scooters/mobility-scooter-ramps/drive-medical-smart-ramps-02.jpg",,,,,,,,,,
"TRP-CV5","550mm Fixed Channel Ramp","http://www.carecomobility.co.uk/products/mobility-scooters/mobility-scooter-ramps/mobility-scooter-fixed-channel-ramps-01.jpg","http://www.carecomobility.co.uk/products/mobility-scooters/mobility-scooter-ramps/mobility-scooter-fixed-channel-ramps-02.jpg","http://www.carecomobility.co.uk/products/mobility-scooters/mobility-scooter-ramps/mobility-scooter-fixed-channel-ramps-03.jpg",,,,,,,,,
"TRP-CV10","1160mm Fixed Channel Ramp","http://www.carecomobility.co.uk/products/mobility-scooters/mobility-scooter-ramps/mobility-scooter-fixed-channel-ramps-01.jpg","http://www.carecomobility.co.uk/products/mobility-scooters/mobility-scooter-ramps/mobility-scooter-fixed-channel-ramps-02.jpg","http://www.carecomobility.co.uk/products/mobility-scooters/mobility-scooter-ramps/mobility-scooter-fixed-channel-ramps-03.jpg",,,,,,,,,
"TRP-CV11","1100mm Foldable Channel Ramp","http://www.carecomobility.co.uk/products/mobility-scooters/mobility-scooter-ramps/mobility-scooter-fixed-channel-ramps-05.jpg","http://www.carecomobility.co.uk/products/mobility-scooters/mobility-scooter-ramps/mobility-scooter-fixed-channel-ramps-02.jpg","http://www.carecomobility.co.uk/products/mobility-scooters/mobility-scooter-ramps/mobility-scooter-fixed-channel-ramps-03.jpg","http://www.carecomobility.co.uk/products/mobility-scooters/mobility-scooter-ramps/mobility-scooter-fixed-channel-ramps-04.jpg",,,,,,,,
"TRP-CV15","1500mm Foldable Channel Ramp","http://www.carecomobility.co.uk/products/mobility-scooters/mobility-scooter-ramps/mobility-scooter-fixed-channel-ramps-05.jpg","http://www.carecomobility.co.uk/products/mobility-scooters/mobility-scooter-ramps/mobility-scooter-fixed-channel-ramps-02.jpg","http://www.carecomobility.co.uk/products/mobility-scooters/mobility-scooter-ramps/mobility-scooter-fixed-channel-ramps-03.jpg","http://www.carecomobility.co.uk/products/mobility-scooters/mobility-scooter-ramps/mobility-scooter-fixed-channel-ramps-04.jpg",,,,,,,,
"TRP-CV20","2000mm Foldable Channel Ramp","http://www.carecomobility.co.uk/products/mobility-scooters/mobility-scooter-ramps/mobility-scooter-fixed-channel-ramps-05.jpg","http://www.carecomobility.co.uk/products/mobility-scooters/mobility-scooter-ramps/mobility-scooter-fixed-channel-ramps-02.jpg","http://www.carecomobility.co.uk/products/mobility-scooters/mobility-scooter-ramps/mobility-scooter-fixed-channel-ramps-03.jpg","http://www.carecomobility.co.uk/products/mobility-scooters/mobility-scooter-ramps/mobility-scooter-fixed-channel-ramps-04.jpg",,,,,,,,
"TRP-CE2","2120mm Foldable Channel Ramp","http://www.carecomobility.co.uk/products/mobility-scooters/mobility-scooter-ramps/mobility-scooter-fixed-channel-ramps-05.jpg","http://www.carecomobility.co.uk/products/mobility-scooters/mobility-scooter-ramps/mobility-scooter-fixed-channel-ramps-02.jpg","http://www.carecomobility.co.uk/products/mobility-scooters/mobility-scooter-ramps/mobility-scooter-fixed-channel-ramps-03.jpg","http://www.carecomobility.co.uk/products/mobility-scooters/mobility-scooter-ramps/mobility-scooter-fixed-channel-ramps-04.jpg",,,,,,,,
"TRP-CU2","2030mm Telescopic 2-part Ramp","http://www.carecomobility.co.uk/products/mobility-scooters/mobility-scooter-ramps/mobility-scooter-telescopic-channel-ramps-01.jpg","http://www.carecomobility.co.uk/products/mobility-scooters/mobility-scooter-ramps/mobility-scooter-telescopic-channel-ramps-02.jpg","http://www.carecomobility.co.uk/products/mobility-scooters/mobility-scooter-ramps/mobility-scooter-telescopic-channel-ramps-03.jpg",,,,,,,,,
"TRP-CU2/3","2000mm Telescopic 3-part Ramp","http://www.carecomobility.co.uk/products/mobility-scooters/mobility-scooter-ramps/mobility-scooter-telescopic-channel-ramps-01.jpg","http://www.carecomobility.co.uk/products/mobility-scooters/mobility-scooter-ramps/mobility-scooter-telescopic-channel-ramps-02.jpg","http://www.carecomobility.co.uk/products/mobility-scooters/mobility-scooter-ramps/mobility-scooter-telescopic-channel-ramps-03.jpg",,,,,,,,,
"TRP-CU3","2900mm Telescopic 3-part Ramp","http://www.carecomobility.co.uk/products/mobility-scooters/mobility-scooter-ramps/mobility-scooter-telescopic-channel-ramps-01.jpg","http://www.carecomobility.co.uk/products/mobility-scooters/mobility-scooter-ramps/mobility-scooter-telescopic-channel-ramps-02.jpg","http://www.carecomobility.co.uk/products/mobility-scooters/mobility-scooter-ramps/mobility-scooter-telescopic-channel-ramps-03.jpg",,,,,,,,,
"TRP-CV30","2100mm Foldable and Telescopic Ramp","http://www.carecomobility.co.uk/products/mobility-scooters/mobility-scooter-ramps/mobility-scooter-telescopic-channel-ramps-01.jpg","http://www.carecomobility.co.uk/products/mobility-scooters/mobility-scooter-ramps/mobility-scooter-telescopic-channel-ramps-02.jpg","http://www.carecomobility.co.uk/products/mobility-scooters/mobility-scooter-ramps/mobility-scooter-telescopic-channel-ramps-03.jpg",,,,,,,,,
"TRP-CE2/3","2770mm Foldable and Telescopic Ramp","http://www.carecomobility.co.uk/products/mobility-scooters/mobility-scooter-ramps/mobility-scooter-telescopic-channel-ramps-01.jpg","http://www.carecomobility.co.uk/products/mobility-scooters/mobility-scooter-ramps/mobility-scooter-telescopic-channel-ramps-02.jpg","http://www.carecomobility.co.uk/products/mobility-scooters/mobility-scooter-ramps/mobility-scooter-telescopic-channel-ramps-03.jpg",,,,,,,,,
"TRP-CE3","3000mm Foldable and Telescopic Ramp","http://www.carecomobility.co.uk/products/mobility-scooters/mobility-scooter-ramps/mobility-scooter-telescopic-channel-ramps-01.jpg","http://www.carecomobility.co.uk/products/mobility-scooters/mobility-scooter-ramps/mobility-scooter-telescopic-channel-ramps-02.jpg","http://www.carecomobility.co.uk/products/mobility-scooters/mobility-scooter-ramps/mobility-scooter-telescopic-channel-ramps-03.jpg",,,,,,,,,
"TRP1RT","1 inch Rubber Threshold Ramp","http://www.carecomobility.co.uk/products/mobility-scooters/mobility-scooter-ramps/mobility-scooter-rubber-threshold-ramp-01.jpg","http://www.carecomobility.co.uk/products/mobility-scooters/mobility-scooter-ramps/mobility-scooter-rubber-threshold-ramp-02.jpg","http://www.carecomobility.co.uk/products/mobility-scooters/mobility-scooter-ramps/mobility-scooter-rubber-threshold-ramp-03.jpg",,,,,,,,,
"TRP15RT","1.5 inch Rubber Threshold Ramp","http://www.carecomobility.co.uk/products/mobility-scooters/mobility-scooter-ramps/mobility-scooter-rubber-threshold-ramp-01.jpg","http://www.carecomobility.co.uk/products/mobility-scooters/mobility-scooter-ramps/mobility-scooter-rubber-threshold-ramp-02.jpg","http://www.carecomobility.co.uk/products/mobility-scooters/mobility-scooter-ramps/mobility-scooter-rubber-threshold-ramp-03.jpg",,,,,,,,,
"TRP2RT","2 inch Rubber Threshold Ramp","http://www.carecomobility.co.uk/products/mobility-scooters/mobility-scooter-ramps/mobility-scooter-rubber-threshold-ramp-01.jpg","http://www.carecomobility.co.uk/products/mobility-scooters/mobility-scooter-ramps/mobility-scooter-rubber-threshold-ramp-02.jpg","http://www.carecomobility.co.uk/products/mobility-scooters/mobility-scooter-ramps/mobility-scooter-rubber-threshold-ramp-03.jpg",,,,,,,,,
"PCDU51","Power Cape","http://www.carecomobility.co.uk/products/mobility-scooters/mobility-scooter-wet-weather-wear/power-cape-pcdu51-01.jpg",,,,,,,,,,,
"SLCU51","Scooter Leg Cape","http://www.carecomobility.co.uk/products/mobility-scooters/mobility-scooter-wet-weather-wear/scooter-leg-cape-slcu51.jpg",,,,,,,,,,,
"SYD","Scooter Cosy","http://www.carecomobility.co.uk/products/mobility-scooters/mobility-scooter-wet-weather-wear/scooter-cosy-syd-01.jpg",,,,,,,,,,,
"SCD","Scooter Cape","http://www.carecomobility.co.uk/products/mobility-scooters/mobility-scooter-wet-weather-wear/scooter-cape-scd-01.jpg",,,,,,,,,,,
"SCTLD","Scooter Coat Lined","http://www.carecomobility.co.uk/products/mobility-scooters/mobility-scooter-wet-weather-wear/scooter-cape-sctld-01.jpg",,,,,,,,,,,
"LW","Lapwrap","http://www.carecomobility.co.uk/products/mobility-scooters/mobility-scooter-wet-weather-wear/lapwrap-lw-01.jpg",,,,,,,,,,,
"MP31U51","3 in 1 Mobility Poncho Unsleeved","http://www.carecomobility.co.uk/products/mobility-scooters/mobility-scooter-wet-weather-wear/3-in-1-mobility-poncho-unsleeved-mp31u51-01.jpg",,,,,,,,,,,
"MPS31U51","3 in 1 Mobility Poncho Sleeved ","http://www.carecomobility.co.uk/products/mobility-scooters/mobility-scooter-wet-weather-wear/3-in-1-mobility-poncho-sleeved-mps31u51-01.jpg",,,,,,,,,,,
"MPU51","Mobility Poncho Unsleeved Unlined","http://www.carecomobility.co.uk/products/mobility-scooters/mobility-scooter-wet-weather-wear/mobility-poncho-unsleeved-unlined-mpu51-01.jpg",,,,,,,,,,,
"MPSU51","Mobility Poncho Sleeved Unlined","http://www.carecomobility.co.uk/products/mobility-scooters/mobility-scooter-wet-weather-wear/mobility-poncho-sleeved-unlined-mpsu51-01.jpg",,,,,,,,,,,
"RIV001 - Brown
RIV002 - Black","Riva Faux Leather","http://www.carecomobility.co.uk/products/rise-recliners/riser-recliners/riva-riser-recliner-01.jpg","http://www.carecomobility.co.uk/products/rise-recliners/riser-recliners/riva-riser-recliner-02.jpg","http://www.carecomobility.co.uk/products/rise-recliners/riser-recliners/riva-riser-recliner-03.jpg","http://www.carecomobility.co.uk/products/rise-recliners/riser-recliners/riva-riser-recliner-04.jpg","http://www.carecomobility.co.uk/products/rise-recliners/riser-recliners/riva-riser-recliner-05.jpg","http://www.carecomobility.co.uk/products/rise-recliners/riser-recliners/riva-riser-recliner-06.jpg","http://www.carecomobility.co.uk/products/rise-recliners/riser-recliners/riva-riser-recliner-07.jpg","http://www.carecomobility.co.uk/products/rise-recliners/riser-recliners/riva-riser-recliner-08.jpg",,,,
"HAV101C - Brown
HAV102C - Black","Havana","http://www.carecomobility.co.uk/products/rise-recliners/riser-recliners/havana-riser-recliner-01.jpg",,,,,,,,,,,
"Becky","CareCo Chester","http://www.carecomobility.co.uk/products/rise-recliners/riser-recliners/careco-chester-riser-recliner-01.jpg","http://www.carecomobility.co.uk/products/rise-recliners/riser-recliners/careco-chester-riser-recliner-02.jpg","http://www.carecomobility.co.uk/products/rise-recliners/riser-recliners/careco-chester-riser-recliner-03.jpg","http://www.carecomobility.co.uk/products/rise-recliners/riser-recliners/careco-chester-riser-recliner-04.jpg","http://www.carecomobility.co.uk/products/rise-recliners/riser-recliners/careco-chester-riser-recliner-05.jpg","http://www.carecomobility.co.uk/products/rise-recliners/riser-recliners/careco-chester-riser-recliner-06.jpg","http://www.carecomobility.co.uk/products/rise-recliners/riser-recliners/careco-chester-riser-recliner-07.jpg","http://www.carecomobility.co.uk/products/rise-recliners/riser-recliners/careco-chester-riser-recliner-08.jpg",,,,
"UKLC101NALM - Almond
UKLC101NOATT - Oatmeal
UKLC101AQAT - Aqua
UKLC101SPRT - Spruce
UKLC101BURT - Burgundy","Pride LC101","http://www.carecomobility.co.uk/products/rise-recliners/riser-recliners/pride-lc101-riser-recliner-01.jpg","http://www.carecomobility.co.uk/products/rise-recliners/riser-recliners/pride-lc101-riser-recliner-02.jpg","http://www.carecomobility.co.uk/products/rise-recliners/riser-recliners/pride-lc101-riser-recliner-03.jpg","http://www.carecomobility.co.uk/products/rise-recliners/riser-recliners/pride-lc101-riser-recliner-04.jpg","http://www.carecomobility.co.uk/products/rise-recliners/riser-recliners/pride-lc101-riser-recliner-05.jpg",,,,,,,
"CLR11","Chicago","http://www.carecomobility.co.uk/products/rise-recliners/riser-recliners/chicago-riser-recliner-01.jpg","http://www.carecomobility.co.uk/products/rise-recliners/riser-recliners/chicago-riser-recliner-02.jpg","http://www.carecomobility.co.uk/products/rise-recliners/riser-recliners/chicago-riser-recliner-03.jpg",,,,,,,,,
"PVC-CLR11","Chicago Anti-Microbial PVC","http://www.carecomobility.co.uk/products/rise-recliners/riser-recliners/chicago-anti-microbial-pvc-riser-recliner-01.jpg","http://www.carecomobility.co.uk/products/rise-recliners/riser-recliners/chicago-anti-microbial-pvc-riser-recliner-02.jpg","http://www.carecomobility.co.uk/products/rise-recliners/riser-recliners/chicago-anti-microbial-pvc-riser-recliner-03.jpg","http://www.carecomobility.co.uk/products/rise-recliners/riser-recliners/chicago-anti-microbial-pvc-riser-recliner-04.jpg",,,,,,,,
"UKC1KDNALM - Almond
UKC1KDNOAT - Oatmeal
UKC1KDBUR - Burgundy
UKC1KDSPR - Spruce
UKC1KDAQA - Aqua","Pride C1 Petite","http://www.carecomobility.co.uk/products/rise-recliners/riser-recliners/pride-c1-petite-riser-recliner-01.jpg","http://www.carecomobility.co.uk/products/rise-recliners/riser-recliners/pride-c1-petite-riser-recliner-02.jpg","http://www.carecomobility.co.uk/products/rise-recliners/riser-recliners/pride-c1-petite-riser-recliner-03.jpg","http://www.carecomobility.co.uk/products/rise-recliners/riser-recliners/pride-c1-petite-riser-recliner-04.jpg",,,,,,,,
"UK805KDNALM - Almond
UK805KDNOAT - Oatmeal
UK805DKBUR - Burgundy","Pride 805 Wall Hugger","http://www.carecomobility.co.uk/products/rise-recliners/riser-recliners/pride-805-wall-hugger-riser-recliner-01.jpg","http://www.carecomobility.co.uk/products/rise-recliners/riser-recliners/pride-805-wall-hugger-riser-recliner-02.jpg","http://www.carecomobility.co.uk/products/rise-recliners/riser-recliners/pride-805-wall-hugger-riser-recliner-03.jpg","http://www.carecomobility.co.uk/products/rise-recliners/riser-recliners/pride-805-wall-hugger-riser-recliner-04.jpg","http://www.carecomobility.co.uk/products/rise-recliners/riser-recliners/pride-805-wall-hugger-riser-recliner-05.jpg",,,,,,,
"UKC11KDNALM - Almond
UKC11KDNOAT - Oatmeal
UKC11KDAQA - Aqua
UKC11KDSPR - Spruce
UKC11KDBUR - Burgundy","Pride C11 Wingback","http://www.carecomobility.co.uk/products/rise-recliners/riser-recliners/pride-c11-wingback-riser-recliner-01.jpg","http://www.carecomobility.co.uk/products/rise-recliners/riser-recliners/pride-c11-wingback-riser-recliner-02.jpg","http://www.carecomobility.co.uk/products/rise-recliners/riser-recliners/pride-c11-wingback-riser-recliner-03.jpg","http://www.carecomobility.co.uk/products/rise-recliners/riser-recliners/pride-c11-wingback-riser-recliner-04.jpg","http://www.carecomobility.co.uk/products/rise-recliners/riser-recliners/pride-c11-wingback-riser-recliner-05.jpg","http://www.carecomobility.co.uk/products/rise-recliners/riser-recliners/pride-c11-wingback-riser-recliner-06.jpg",,,,,,
"Cambridge","Cambridge","http://www.carecomobility.co.uk/products/rise-recliners/riser-recliners/cambridge-riser-recliner-01.jpg","http://www.carecomobility.co.uk/products/rise-recliners/riser-recliners/cambridge-riser-recliner-02.jpg","http://www.carecomobility.co.uk/products/rise-recliners/riser-recliners/cambridge-riser-recliner-03.jpg",,,,,,,,,
"UKC1WANALM - Almond
UKC1WANOAT - Oatmeal","Pride C1 Petite Classic","http://www.carecomobility.co.uk/products/rise-recliners/riser-recliners/pride-c1-petite-classic-01.jpg","http://www.carecomobility.co.uk/products/rise-recliners/riser-recliners/pride-c1-petite-classic-02.jpg","http://www.carecomobility.co.uk/products/rise-recliners/riser-recliners/pride-c1-petite-classic-03.jpg","http://www.carecomobility.co.uk/products/rise-recliners/riser-recliners/pride-c1-petite-classic-04.jpg","http://www.carecomobility.co.uk/products/rise-recliners/riser-recliners/pride-c1-petite-classic-05.jpg",,,,,,,
"UKD30KDNALM - Almond
UKD30KDNOAT - Oatmeal
UKD30KDSPR - Spruce
UKD30KDBUR - Burgundy
UKD30KDAQA - Aqua","Pride D30 Comfort","http://www.carecomobility.co.uk/products/rise-recliners/riser-recliners/pride-d30-comfort-riser-recliner-01.jpg","http://www.carecomobility.co.uk/products/rise-recliners/riser-recliners/pride-d30-comfort-riser-recliner-02.jpg","http://www.carecomobility.co.uk/products/rise-recliners/riser-recliners/pride-d30-comfort-riser-recliner-03.jpg","http://www.carecomobility.co.uk/products/rise-recliners/riser-recliners/pride-d30-comfort-riser-recliner-04.jpg",,,,,,,,
"Marlborough","Marlborough","http://www.carecomobility.co.uk/products/rise-recliners/riser-recliners/marlborough-riser-recliner-01.jpg","http://www.carecomobility.co.uk/products/rise-recliners/riser-recliners/marlborough-riser-recliner-02.jpg","http://www.carecomobility.co.uk/products/rise-recliners/riser-recliners/marlborough-riser-recliner-03.jpg","http://www.carecomobility.co.uk/products/rise-recliners/riser-recliners/marlborough-riser-recliner-04.jpg","http://www.carecomobility.co.uk/products/rise-recliners/riser-recliners/marlborough-riser-recliner-05.jpg",,,,,,,
"UK107NALM - Almond
UK107NOAT - Oatmeal
UK107BUR - Burgundy","Pride LC107","http://www.carecomobility.co.uk/products/rise-recliners/riser-recliners/pride-lc107-riser-recliner-01.jpg","http://www.carecomobility.co.uk/products/rise-recliners/riser-recliners/pride-lc107-riser-recliner-02.jpg","http://www.carecomobility.co.uk/products/rise-recliners/riser-recliners/pride-lc107-riser-recliner-03.jpg","http://www.carecomobility.co.uk/products/rise-recliners/riser-recliners/pride-lc107-riser-recliner-04.jpg","http://www.carecomobility.co.uk/products/rise-recliners/riser-recliners/pride-lc107-riser-recliner-05.jpg","http://www.carecomobility.co.uk/products/rise-recliners/riser-recliners/pride-lc107-riser-recliner-06.jpg",,,,,,
"ALC22005","Lars Luxury Leather (Single)","http://www.carecomobility.co.uk/products/rise-recliners/riser-recliners/lars-riser-recliner-01.jpg","http://www.carecomobility.co.uk/products/rise-recliners/riser-recliners/lars-riser-recliner-02.jpg","http://www.carecomobility.co.uk/products/rise-recliners/riser-recliners/lars-riser-recliner-03.jpg","http://www.carecomobility.co.uk/products/rise-recliners/riser-recliners/lars-riser-recliner-04.jpg","http://www.carecomobility.co.uk/products/rise-recliners/riser-recliners/lars-riser-recliner-05.jpg","http://www.carecomobility.co.uk/products/rise-recliners/riser-recliners/lars-riser-recliner-06.jpg","http://www.carecomobility.co.uk/products/rise-recliners/riser-recliners/lars-riser-recliner-07.jpg","http://www.carecomobility.co.uk/products/rise-recliners/riser-recliners/lars-riser-recliner-08.jpg",,,,
"ALCLD01","Lars Luxury Leather (Dual)","http://www.carecomobility.co.uk/products/rise-recliners/riser-recliners/lars-riser-recliner-01.jpg","http://www.carecomobility.co.uk/products/rise-recliners/riser-recliners/lars-riser-recliner-02.jpg","http://www.carecomobility.co.uk/products/rise-recliners/riser-recliners/lars-riser-recliner-03.jpg","http://www.carecomobility.co.uk/products/rise-recliners/riser-recliners/lars-riser-recliner-04.jpg","http://www.carecomobility.co.uk/products/rise-recliners/riser-recliners/lars-riser-recliner-05.jpg","http://www.carecomobility.co.uk/products/rise-recliners/riser-recliners/lars-riser-recliner-06.jpg","http://www.carecomobility.co.uk/products/rise-recliners/riser-recliners/lars-riser-recliner-07.jpg","http://www.carecomobility.co.uk/products/rise-recliners/riser-recliners/lars-riser-recliner-08.jpg",,,,
"CLR22","Nevada Petite","http://www.carecomobility.co.uk/products/rise-recliners/riser-recliners/nevada-riser-recliner-01.jpg","http://www.carecomobility.co.uk/products/rise-recliners/riser-recliners/nevada-riser-recliner-02.jpg","http://www.carecomobility.co.uk/products/rise-recliners/riser-recliners/nevada-riser-recliner-03.jpg","http://www.carecomobility.co.uk/products/rise-recliners/riser-recliners/nevada-riser-recliner-04.jpg",,,,,,,,
"CLR12","Nevada","http://www.carecomobility.co.uk/products/rise-recliners/riser-recliners/nevada-riser-recliner-01.jpg","http://www.carecomobility.co.uk/products/rise-recliners/riser-recliners/nevada-riser-recliner-02.jpg","http://www.carecomobility.co.uk/products/rise-recliners/riser-recliners/nevada-riser-recliner-03.jpg","http://www.carecomobility.co.uk/products/rise-recliners/riser-recliners/nevada-riser-recliner-04.jpg",,,,,,,,
"CLR12BLK","Nevada Anti-Microbial PVC","http://www.carecomobility.co.uk/products/rise-recliners/riser-recliners/nevada-petite-anti-microbial-riser-recliner.jpg",,,,,,,,,,,
"ILR4","Seattle","http://www.carecomobility.co.uk/products/rise-recliners/riser-recliners/restwell-seattle-recliner-chair-01.jpg","http://www.carecomobility.co.uk/products/rise-recliners/riser-recliners/restwell-seattle-recliner-chair-02.jpg","http://www.carecomobility.co.uk/products/rise-recliners/riser-recliners/restwell-seattle-recliner-chair-03.jpg","http://www.carecomobility.co.uk/products/rise-recliners/riser-recliners/restwell-seattle-recliner-chair-04.jpg","http://www.carecomobility.co.uk/products/rise-recliners/riser-recliners/restwell-seattle-recliner-chair-05.jpg",,,,,,,
"CLR1","Boston Petite","http://www.carecomobility.co.uk/products/rise-recliners/riser-recliners/boston-petite-riser-recliner-01.jpg","http://www.carecomobility.co.uk/products/rise-recliners/riser-recliners/boston-petite-riser-recliner-02.jpg","http://www.carecomobility.co.uk/products/rise-recliners/riser-recliners/boston-petite-riser-recliner-03.jpg","http://www.carecomobility.co.uk/products/rise-recliners/riser-recliners/boston-petite-riser-recliner-04.jpg","http://www.carecomobility.co.uk/products/rise-recliners/riser-recliners/boston-petite-riser-recliner-05.jpg","http://www.carecomobility.co.uk/products/rise-recliners/riser-recliners/boston-petite-riser-recliner-06.jpg","http://www.carecomobility.co.uk/products/rise-recliners/riser-recliners/boston-petite-riser-recliner-07.jpg","http://www.carecomobility.co.uk/products/rise-recliners/riser-recliners/boston-petite-riser-recliner-08.jpg",,,,
"CLR3","Boston","http://www.carecomobility.co.uk/products/rise-recliners/riser-recliners/boston-riser-recliner-01.jpg","http://www.carecomobility.co.uk/products/rise-recliners/riser-recliners/boston-riser-recliner-02.jpg","http://www.carecomobility.co.uk/products/rise-recliners/riser-recliners/boston-riser-recliner-03.jpg","http://www.carecomobility.co.uk/products/rise-recliners/riser-recliners/boston-riser-recliner-04.jpg","http://www.carecomobility.co.uk/products/rise-recliners/riser-recliners/boston-riser-recliner-05.jpg","http://www.carecomobility.co.uk/products/rise-recliners/riser-recliners/boston-riser-recliner-06.jpg","http://www.carecomobility.co.uk/products/rise-recliners/riser-recliners/boston-riser-recliner-07.jpg","http://www.carecomobility.co.uk/products/rise-recliners/riser-recliners/boston-riser-recliner-08.jpg",,,,
"UK660KDNALM - Almond
UK660KDNOAT - Oatmeal
UK660KDBUR - Burgundy
UK660KDSPR - Spruce
UK660KDAQA - Aqua","Pride 660 Mini Lounger","http://www.carecomobility.co.uk/products/rise-recliners/riser-recliners/pride-660-mini-lounger-riser-recliner-01.jpg","http://www.carecomobility.co.uk/products/rise-recliners/riser-recliners/pride-660-mini-lounger-riser-recliner-02.jpg","http://www.carecomobility.co.uk/products/rise-recliners/riser-recliners/pride-660-mini-lounger-riser-recliner-03.jpg","http://www.carecomobility.co.uk/products/rise-recliners/riser-recliners/pride-660-mini-lounger-riser-recliner-04.jpg",,,,,,,,
"Warwick","Warwick","http://www.carecomobility.co.uk/products/rise-recliners/riser-recliners/warwick-riser-recliner-01.jpg","http://www.carecomobility.co.uk/products/rise-recliners/riser-recliners/warwick-riser-recliner-02.jpg","http://www.carecomobility.co.uk/products/rise-recliners/riser-recliners/warwick-riser-recliner-03.jpg","http://www.carecomobility.co.uk/products/rise-recliners/riser-recliners/warwick-riser-recliner-04.jpg",,,,,,,,
"Oxford","Oxford","http://www.carecomobility.co.uk/products/rise-recliners/riser-recliners/oxford-riser-recliner-01.jpg","http://www.carecomobility.co.uk/products/rise-recliners/riser-recliners/oxford-riser-recliner-02.jpg","http://www.carecomobility.co.uk/products/rise-recliners/riser-recliners/oxford-riser-recliner-03.jpg","http://www.carecomobility.co.uk/products/rise-recliners/riser-recliners/oxford-riser-recliner-04.jpg","http://www.carecomobility.co.uk/products/rise-recliners/riser-recliners/oxford-riser-recliner-05.jpg","http://www.carecomobility.co.uk/products/rise-recliners/riser-recliners/oxford-riser-recliner-06.jpg","http://www.carecomobility.co.uk/products/rise-recliners/riser-recliners/oxford-riser-recliner-07.jpg","http://www.carecomobility.co.uk/products/rise-recliners/riser-recliners/oxford-riser-recliner-08.jpg","http://www.carecomobility.co.uk/products/rise-recliners/riser-recliners/oxford-riser-recliner-09.jpg","http://www.carecomobility.co.uk/products/rise-recliners/riser-recliners/oxford-riser-recliner-10.jpg","http://www.carecomobility.co.uk/products/rise-recliners/riser-recliners/oxford-riser-recliner-11.jpg","http://www.carecomobility.co.uk/products/rise-recliners/riser-recliners/oxford-riser-recliner-12.jpg"
"ALC2217","Restwell Sven Leather","http://www.carecomobility.co.uk/products/rise-recliners/riser-recliners/sven-riser-recliner-01.jpg","http://www.carecomobility.co.uk/products/rise-recliners/riser-recliners/sven-riser-recliner-02.jpg","http://www.carecomobility.co.uk/products/rise-recliners/riser-recliners/sven-riser-recliner-03.jpg","http://www.carecomobility.co.uk/products/rise-recliners/riser-recliners/sven-riser-recliner-04.jpg","http://www.carecomobility.co.uk/products/rise-recliners/riser-recliners/sven-riser-recliner-05.jpg",,,,,,,
"UKT3MBSHFG - Blush
UKT3MNUTFG - Nutmeg
UKT3MOBLFG - Ocean Blue
UKT3MFAWFG - Fawn
UKT3MMOSFG - Moss Green","Pride T3","http://www.carecomobility.co.uk/products/rise-recliners/riser-recliners/pride-t3-riser-recliner-01.jpg","http://www.carecomobility.co.uk/products/rise-recliners/riser-recliners/pride-t3-riser-recliner-02.jpg","http://www.carecomobility.co.uk/products/rise-recliners/riser-recliners/pride-t3-riser-recliner-03.jpg","http://www.carecomobility.co.uk/products/rise-recliners/riser-recliners/pride-t3-riser-recliner-04.jpg","http://www.carecomobility.co.uk/products/rise-recliners/riser-recliners/pride-t3-riser-recliner-05.jpg","http://www.carecomobility.co.uk/products/rise-recliners/riser-recliners/pride-t3-riser-recliner-06.jpg","http://www.carecomobility.co.uk/products/rise-recliners/riser-recliners/pride-t3-riser-recliner-07.jpg","http://www.carecomobility.co.uk/products/rise-recliners/riser-recliners/pride-t3-riser-recliner-08.jpg","http://www.carecomobility.co.uk/products/rise-recliners/riser-recliners/pride-t3-riser-recliner-09.jpg",,,
"UK670KDNALM - Almond
UK670KDNOAT - Oatmeal
UK670KDSPR - Spruce
UK670KDBUR - Burgundy
UK670KDAQA - Aqua","Pride 670 Chairbed","http://www.carecomobility.co.uk/products/rise-recliners/riser-recliners/pride-670-chairbed-01.jpg","http://www.carecomobility.co.uk/products/rise-recliners/riser-recliners/pride-670-chairbed-02.jpg","http://www.carecomobility.co.uk/products/rise-recliners/riser-recliners/pride-670-chairbed-03.jpg","http://www.carecomobility.co.uk/products/rise-recliners/riser-recliners/pride-670-chairbed-04.jpg","http://www.carecomobility.co.uk/products/rise-recliners/riser-recliners/pride-670-chairbed-05.jpg",,,,,,,
"CDL8","Denver","http://www.carecomobility.co.uk/products/rise-recliners/riser-recliners/denver-riser-recliner-01.jpg","http://www.carecomobility.co.uk/products/rise-recliners/riser-recliners/denver-riser-recliner-02.jpg","http://www.carecomobility.co.uk/products/rise-recliners/riser-recliners/denver-riser-recliner-03.jpg",,,,,,,,,
"758SPBC - Waterfall Back, Small, Seasons Cocoa
758SCPC - Waterfall Back, Small, Patchwork Cocoa
758SCPO - Waterfall Back, Small, Patchwork Oyster
758SPBO - Waterfall Back, Small, Seasons Oyster
758SPLC - Waterfall Back, Small, Leaf Cocoa
758SPLO - Waterfall Back, Small, Leaf Oyster
758SSBU - Waterfall Back, Small, Seasons Burgundy
758SSFR - Waterfall Back, Small, Seasons Forest
758SVBC - Waterfall Back, Small, Cherry
758SVLT - Waterfall Back, Small, Jade
757SPBO - Button Back, Small, Season Oyster
757SPLC - Button Back, Small, Leaf Cocoa
757SPLO - Button Back, Small, Leaf Oyster
757SSBU - Button Back, Small, Seasons Burgundy
757SSFR - Button Back, Small, Seasons Forest
757SVBC - Button Back, Small, Cherry
757SVLT - Button Back, Small, Jade
757SPBC - Button Back, Small, Seasons Cocoa 
","Cosi Chair Ambassador (Small)","http://www.carecomobility.co.uk/products/rise-recliners/riser-recliners/ambassador-recliner-01.jpg","http://www.carecomobility.co.uk/products/rise-recliners/riser-recliners/ambassador-recliner-02.jpg","http://www.carecomobility.co.uk/products/rise-recliners/riser-recliners/ambassador-recliner-03.jpg","http://www.carecomobility.co.uk/products/rise-recliners/riser-recliners/ambassador-recliner-04.jpg",,,,,,,,
"758MPBC - Waterfall Back, Small, Seasons Cocoa
758MCPC - Waterfall Back, Small, Patchwork Cocoa
758MCPO - Waterfall Back, Small, Patchwork Oyster
758MPBO - Waterfall Back, Small, Seasons Oyster
758MPLC - Waterfall Back, Small, Leaf Cocoa
758MPLO - Waterfall Back, Small, Leaf Oyster
758MSBU - Waterfall Back, Small, Seasons Burgundy
758MSFR - Waterfall Back, Small, Seasons Forest
758MVBC - Waterfall Back, Small, Cherry
758MVLT - Waterfall Back, Small, Jade
757MPBO - Button Back, Small, Season Oyster
757MPLC - Button Back, Small, Leaf Cocoa
757MPLO - Button Back, Small, Leaf Oyster
757MSBU - Button Back, Small, Seasons Burgundy
757MSFR - Button Back, Small, Seasons Forest
757MVBC - Button Back, Small, Cherry
757MVLT - Button Back, Small, Jade
757MPBC - Button Back, Small, Seasons Cocoa 
","Cosi Chair Ambassador (Medium)","http://www.carecomobility.co.uk/products/rise-recliners/riser-recliners/ambassador-recliner-01.jpg","http://www.carecomobility.co.uk/products/rise-recliners/riser-recliners/ambassador-recliner-02.jpg","http://www.carecomobility.co.uk/products/rise-recliners/riser-recliners/ambassador-recliner-03.jpg","http://www.carecomobility.co.uk/products/rise-recliners/riser-recliners/ambassador-recliner-04.jpg",,,,,,,,
"758LPBC - Waterfall Back, Small, Seasons Cocoa
758LCPC - Waterfall Back, Small, Patchwork Cocoa
758LCPO - Waterfall Back, Small, Patchwork Oyster
758LPBO - Waterfall Back, Small, Seasons Oyster
758LPLC - Waterfall Back, Small, Leaf Cocoa
758LPLO - Waterfall Back, Small, Leaf Oyster
758LSBU - Waterfall Back, Small, Seasons Burgundy
758LSFR - Waterfall Back, Small, Seasons Forest
758LVBC - Waterfall Back, Small, Cherry
758LVLT - Waterfall Back, Small, Jade
757LPBO - Button Back, Small, Season Oyster
757LPLC - Button Back, Small, Leaf Cocoa
757LPLO - Button Back, Small, Leaf Oyster
757LSBU - Button Back, Small, Seasons Burgundy
757LSFR - Button Back, Small, Seasons Forest
757LVBC - Button Back, Small, Cherry
757LVLT - Button Back, Small, Jade
757LPBC - Button Back, Small, Seasons Cocoa 
","Cosi Chair Ambassador (Large)","http://www.carecomobility.co.uk/products/rise-recliners/riser-recliners/ambassador-recliner-01.jpg","http://www.carecomobility.co.uk/products/rise-recliners/riser-recliners/ambassador-recliner-02.jpg","http://www.carecomobility.co.uk/products/rise-recliners/riser-recliners/ambassador-recliner-03.jpg","http://www.carecomobility.co.uk/products/rise-recliners/riser-recliners/ambassador-recliner-04.jpg",,,,,,,,
"757SBSKIN - Button Back, Small, Brisa, Buckskin
757SCBEAN - Button Back, Small, Brisa, Coffee Bean
757SHHOCK - Button Back, Small, Brisa, Hollyhock
758SBSKIN - Waterfall Back, Small, Brisa, Buckskin
758SCOFFB - Waterfall Back, Small, Brisa, Coffee Bean
758SHHOCK - Waterfall Back, Small, Brisa, Hollyhock","Cosi Chair Ambassador Brisa (Small)","http://www.carecomobility.co.uk/products/rise-recliners/riser-recliners/cosi-ambassador-brisa-01.jpg","http://www.carecomobility.co.uk/products/rise-recliners/riser-recliners/cosi-ambassador-brisa-02.jpg","http://www.carecomobility.co.uk/products/rise-recliners/riser-recliners/cosi-ambassador-brisa-03.jpg",,,,,,,,,
"757MBSKIN - Button Back, Small, Brisa, Buckskin
757MCBEAN - Button Back, Small, Brisa, Coffee Bean
757MHHOCK - Button Back, Small, Brisa, Hollyhock
758MBSKIN - Waterfall Back, Small, Brisa, Buckskin
758MCOFFB - Waterfall Back, Small, Brisa, Coffee Bean
758MHHOCK - Waterfall Back, Small, Brisa, Hollyhock","Cosi Chair Ambassador Brisa (Medium)","http://www.carecomobility.co.uk/products/rise-recliners/riser-recliners/cosi-ambassador-brisa-01.jpg","http://www.carecomobility.co.uk/products/rise-recliners/riser-recliners/cosi-ambassador-brisa-02.jpg","http://www.carecomobility.co.uk/products/rise-recliners/riser-recliners/cosi-ambassador-brisa-03.jpg",,,,,,,,,
"757LBSKIN - Button Back, Small, Brisa, Buckskin
757LCBEAN - Button Back, Small, Brisa, Coffee Bean
757LHHOCK - Button Back, Small, Brisa, Hollyhock
758LBSKIN - Waterfall Back, Small, Brisa, Buckskin
758LCOFFB - Waterfall Back, Small, Brisa, Coffee Bean
758LHHOCK - Waterfall Back, Small, Brisa, Hollyhock","Cosi Chair Ambassador Brisa (Large)","http://www.carecomobility.co.uk/products/rise-recliners/riser-recliners/cosi-ambassador-brisa-01.jpg","http://www.carecomobility.co.uk/products/rise-recliners/riser-recliners/cosi-ambassador-brisa-02.jpg","http://www.carecomobility.co.uk/products/rise-recliners/riser-recliners/cosi-ambassador-brisa-03.jpg",,,,,,,,,
"PR125PHC - Classic, Herringbone Cocoa
PR125PHO - Classic, Herringbone Oyster","Cosi Chair Classic","http://www.carecomobility.co.uk/products/rise-recliners/riser-recliners/cosi-chair-classic-01.jpg","http://www.carecomobility.co.uk/products/rise-recliners/riser-recliners/cosi-chair-classic-01.jpg",,,,,,,,,,
