"Product Id","Product Name","Image"
"542800","3M Scaleguard Water Filters","1114463M_SCALE.jpg"
"531940","4oz Stainless Shot Pitcher","1102564oz_stainless_shot_pitcher.jpg"
"531619","7oz Plastic Water Cups x 1000","1018177oz_water_cups.png"
"538133","Americas Range - New Jersey Blend - 6KG","034208Americas.gif"
"531718","Americas Range - New Jersey Filter Coffee","034208Americas.gif"
"538585","Aromo - COLOMBIAN - 62mm Senseo Compatible Coffee Pods","042807aromo-62mm-coffee-box-labels-colombian-350x350.jpg"
"538586","Aromo - KENYAN - 62mm Senseo Compatible Coffee Pods","042805aromo-62mm-coffee-box-labels-kenyan-350x350.jpg"
"538584","Aromo - SUMATRA - 62mm Senseo Compatible Coffee Pods","042800AROMO-Sumatra-SENSEO.jpg"
"549082","Aromo ESE Coffee Pods -  Mixed Selection Pack x 100","025539MIXED-PODS.jpg"
"549079","Aromo ESE Coffee Pods - Boost x 100 Pods","020712BOOST-PODS.jpg"
"549078","Aromo ESE Coffee Pods - Bounce - Arabica x 100 Pods","020712BOUNCE-PODS.jpg"
"549080","Aromo ESE Coffee Pods - Buzz - French Roast x 100 Pods","020712BUZZ-PODS.jpg"
"549081","Aromo ESE Coffee Pods - Buzz Lite - DECAF French Roast x 100 Pods","020712BUZZ-LITE-PODS.jpg"
"531666","Banana Smoothie Mix - 1 Ltr","095135banana_smoothie.jpg"
"547535","BARISTA Double Wall Paper Coffee Cups & Lids","125857Barista_Cup111.jpg"
"548593","Beetroot Cacao Latte Powder","125913Beetroot-Latte-Powder.jpg"
"531579","Belgian Dark Chocolate Shavings - 500g","120330Milk_Chocolate_shavings11111111.jpg"
"531770","Benders Milano Barrier Paper Cups & Lids","101819milano_cups11.jpg"
"540296","Bendy Plastic Straws x 250","011512Bendy-Straws.jpg"
"531911","Beverage Scoops - Shakes, Frappes, Chocolate","120330zuma_beverage_scoop.png"
"548774","Biodegradable Double Wall Paper Cups","115603Bio-Double-Wall-Coffee-Cup.jpg"
"531631","Biodegradable Single Wall Coffee Cups & Lids","113414Bio_Coffee_Cups.jpg"
"550170","Biodegradable Water Cones x 5000","101640CONE-BIO-4OZ-CUPS.jpg"
"547334","Biodegradable Wooden Cutlery","125232Wooden-Cutlery-Knives-Spoons-Fork11.jpg,125232Wooden-Cutlery-Bucket.jpg"
"531965","Birchall Camomile Prism Tea Bags","020936clipper_cham1.jpg"
"545991","Birchall Darjeeling Prism Tea Bags","012303Birchall-Darjeeling-Prism.jpg,012303Birchall-Darjeeling-Loose.jpg"
"531970","Birchall Decaf Prism Tea Bags","030307Birchall-Decaf-Prism.jpg"
"531660","Birchall Earl Grey Prism Tea Bags","024436Birchall-Earl-Grey-Prism.jpg"
"548558","Birchall English Breakfast 1100 Tea Bags","114929English-Breakfast-1100-Everyday-Tea11.jpg"
"540984","Birchall FairTrade Earl Grey Tea Bags","053321Birchall-Earl-Grey-String-Tag-Tea.jpg"
"540985","Birchall FairTrade English Breakfast Tea Bags","095708Birchall-FairTrade-English-Breakfast-String-Tag-Tea.jpg"
"540948","Birchall Great Rift Breakfast Blend Prism Tea Bags","010213Birchall-Great-Rift-Breakfast-Prism-2011.jpg,010214Birchall-Great-Rift-Breakfast-Loose.jpg"
"548557","Birchall Great Rift Loose Leaf Tea 1KG","010214Birchall-Great-Rift-Breakfast-Loose.jpg,112746Birchall-Great-Rift-Loose-Leaf-1kg-Rainforest.jpg"
"540953","Birchall Green Tea & Peach Prism Tea Bags","052148Birchall-Green-Tea-Peach-Prism-20.jpg,052148Birchall-Green-Tea-Peach-Loose.jpg"
"540952","Birchall Green Tea Prism Tea Bags","042640Birchall-Green-Tea-Loose.jpg,042641Birchall-Green-Tea-Prism-20.jpg"
"531969","Birchall Lemongrass & Ginger Prism Tea Bags","092218Birchall-Prism-Tea-Bag-LemonGrass.jpg,014305Birchall-Lemongrass-Ginger-Prism.jpg"
"548734","Birchall Loose Leaf Tea - Camomile 75g","124633Birchall-Loose-Tea-Camomile.jpg"
"548723","Birchall Loose Leaf Tea - Darjeeling 125g","095706Birchall-Loose-Tea-Darjeeling.jpg"
"548378","Birchall Loose Leaf Tea - Great Rift 250g","041237Birchall-Loose-Tea-Great-Rift.jpg"
"548389","Birchall Loose Leaf Tea - Great Rift Decaf 250g","025502Birchall-Loose-Tea-Great-Rift-Decaf.jpg"
"548732","Birchall Loose Leaf Tea - Green Tea & Peach 125g","121824Birchall-Loose-Tea-Green-Tea-Peach.jpg"
"548725","Birchall Loose Leaf Tea - Green Tea 125g","101218Birchall-Loose-Tea-Green-Tea.jpg"
"548729","Birchall Loose Leaf Tea - Jasmine Tea Pearls 75g","103933Birchall-Loose-Tea-Jasmine-Tea-Pearls.jpg"
"548736","Birchall Loose Leaf Tea - Lemongrass & Ginger 125g","125158Birchall-Loose-Tea-Lemongrass-Ginger.jpg"
"548737","Birchall Loose Leaf Tea - Organic Redbush 125g","125158Birchall-Loose-Tea-Organic-Redbush.jpg"
"548735","Birchall Loose Leaf Tea - Peppermint 75g","125158Birchall-Loose-Tea-Peppermint.jpg"
"548733","Birchall Loose Leaf Tea - Red Berry & Flower 125g","122529Birchall-Loose-Tea-Redberry-Flower.jpg"
"548720","Birchall Loose Leaf Tea - Virunga Chai 125g","090932Birchall-Loose-Tea-Virunga-Chai.jpg"
"548719","Birchall Loose Leaf Tea - Virunga Earl Grey 250g","085842Birchall-Loose-Tea-Virunga-Earl-Grey.jpg"
"540950","Birchall Organic Redbush Prism Tea Bags","022905Birchall-Redbush-Loose.jpg,022905Birchall-Redbush-Prism-20.jpg"
"540951","Birchall Peppermint Prism Tea Bags","041255Birchall-Peppermint-Prism-20.jpg,041255Birchall-Peppermint-Loose.jpg"
"541078","Birchall Premium Teas - Starter Kit","115802Birchall-Jars1.jpg"
"540949","Birchall Red Berry & Flower Prism Tea Bags","013341Birchall-Red-Berry-Prism-20.jpg,013424Birchall-Red-Berry-Loose.jpg"
"545993","Birchall Virunga Chai Prism Tea Bags","012303Birchall-Chai-Prism-Tea-Bags.jpg,012304Birchall-Chai-Tea-Loose.jpg"
"531976","Black Triple Wall Ripple Cups & Lids","101818black_ripple_cups111.jpg"
"531921","Blackberry & Blueberry Smoothie Mix - 1 Ltr","011807simply_blackcurrant_+_blueberry11.jpg"
"531859","Blendtec ABC Commercial Blender","115638ABC.jpg"
"531900","Blendtec Chef 775 Commercial Blender","115640spacesaver1111.png"
"535844","Blendtec Colour Coded Jars","102804BLENDTEC_JAR_TRIO_PIC.jpg"
"531669","Blendtec Connoisseur 825 Q Series Blender","115639q_series11.png"
"531605","Blendtec Jug Rapid Rinser","041039black_jug_rinser.jpg"
"531726","Blendtec Jugs","115639blendtec_jug11111.jpg,115639blendtec_wild1.jpg"
"531954","Blendtec Motor Enclosure","115639motor_enclosure.jpg"
"539448","Blendtec Rapid Rinse Station","101211Rapid_Rinse_Station_Complete.jpg"
"531925","Blendtec Sound Enclosure","115640sound_enclosure.jpg"
"531991","Blendtec Stealth 875 Commercial Blender","115640stealth111.jpg"
"548779","Blendtec Stealth 895 NBS Blender","122844Blendtec-Stealth-895-NBS-Blender.jpg"
"531874","Blendtec Twist Jar - Large","115711twister1.jpg"
"538885","Blendtec Wildside Plus Five Side Jar","115639blendtec_wild1.jpg"
"531674","Blendtec Xpress EZ600 Commercial Blender","115711xpress1.jpg"
"550153","Blue Vinyl Food Safe Gloves","115118BLUE-GLOVES.jpg"
"532025","Bonito Vanilla Spoon Biscuits x 300","095351bonito_spoon_biscuits11.jpg"
"531802","Borders Biscuits - 100 Twin Packs","095352grandma_wilds111111111111111111.jpg"
"541122","Boutique Double Wall Paper Coffee Cups & Lids","042925Boutique-Double-Wall-Cups-Range.jpg,042925Boutique-Double-Wall-Cups-Trio.jpg"
"531749","Bravilor Bolero XL Coffee Machine","100637Bravilor_bolero11.jpg"
"531767","Bravilor Bulk Brewers","111129bravilor_bulk_brewers.jpg"
"531892","Bravilor Filter Coffee Machine Cleaner Sachet - Green","103204Bravilor_cleaner_sachet.jpg"
"531734","Bravilor Filter Pan & Spring","103205filter_pan.jpg"
"531848","Bravilor Furento Airpot - 2.2 Litre","104439pho-acc-airpot-furento-series-lw.jpg,111921airpots11.jpg"
"531847","Bravilor Glass Jug - 1.7 Litre","104341bravilor_3_pt_jug.jpg"
"531743","Bravilor HWA - Hot Water Boilers","113253bravilor_water_boiler.png,013118hwa-70-left-side.jpg"
"531698","Bravilor Jug Hot Plate","111921Bravilor_hot_plate11.jpg"
"531765","Bravilor Matic 2","103204Bravilor_matic_2.jpg"
"531766","Bravilor Matic Twin","103204Bravilor_matic_twin.jpg"
"531763","Bravilor Mondo Filter Coffee Machine","103205Bravilor_mondo_21.jpg"
"531764","Bravilor Mondo Twin","103205Bravilor_Mondo_Twin.jpg"
"531806","Bravilor Novo With Free Coffee Offer","103204bravilor_novo_milano11.jpg"
"549925","Bravilor Renegite Descaler - 1KG Tub","123313Renegite-1KG.jpg"
"548718","Bravilor SEGO Bean To Cup Coffee Machine","034548Sego-Coffee-Machine.jpg,034548Bravilor-Sego-Bean-To-Cup-Machine.jpg"
"531703","Bravilor Solo & Free Chocolate Offer","112639Bravilor_solo.jpg"
"550158","Bravilor TH Airpot Filter Coffee Machines","023818Bravilor-TH-Airpot-Filter-Coffee-Machine.jpg"
"531796","Bravilor: RLX 31","110502RLX_31.jpg"
"531810","Bravilor: RLX 41","110503RLX_41.jpg"
"531803","Bravilor: RLX 575","110503RLX_575.jpg"
"531804","Bravilor: RLX 585","110503RLX_585.jpg"
"531812","Bravilor: RLX 75","110504RLX_75.jpg"
"531811","Bravilor: RLX 76","110504RLX_76.jpg"
"542866","Brita Finest Purity Water Filters","125054BRITA_FINEST_PURITY.jpg"
"542862","Brita Purity C Water Filters","115650BRITA_PURITY.jpg"
"551241","Bronte Traditional Biscuit Twin Packs x 80 Packs","085935BRONTE_RED.jpg"
"539434","Brown Sugar Sachets x 1000","034104Brown_Sugar_Sachets11.jpg"
"550163","Butterfly Pea Latte Powder","031207Butterfly-Peas-Latte1111111.jpg"
"548917","Byron Bay - Gluten Free Wrapped Cookies - Dotty","112843Byron-Bay-Gluten-Free-Dotty.jpg"
"548919","Byron Bay - Gluten Free Wrapped Cookies - Triple Choc Fudge","112843Byron-Bay-Gluten-Free-Triple-Choc.jpg"
"548918","Byron Bay - Gluten Free Wrapped Cookies - White Choc Chunk & Macadamia","112844Byron-Bay-Gluten-Free-White-Choc.jpg"
"551447","Byron Bay - VEGAN - Gluten Free Wrapped Cookies - Maple And Pecan X 12","040108MAPLE-PECAN-BEGAN-BYRON-BAY.jpg,040109MAPLE-PECAN-BEGAN-BYRON-BAY-PACKET.jpg"
"531578","Byron Bay Accessories","095352byronbay_accessories11.jpg"
"531636","Byron Bay Cafe Cookie & Jar Starter Kit","094635Byron_Bay_Range.jpg,095351byron_cookie_deal11.jpg,094635Byron-Bay-Cookies-Range.jpg"
"531586","Byron Bay Cafe Cookies x 6","034535Byron-Bay-Dotty-Cookies.png"
"551140","Byron Bay Cookies - Anzac x 6","115354ANZAC-COOKIE.jpg,115354ANZAC-JAR.jpg"
"548953","Byron Bay Cookies - Cherry Cheesecake x 6","103131Byron-Sour-Cherry-Cheesecake.jpg,104131Byron-Sour-Cherry-Cheesecake-Jar.jpg"
"548952","Byron Bay Cookies - Dotty x 6","101340Byron-Dotty.jpg,104130Byron-Dotty-Jar.jpg"
"551141","Byron Bay Cookies - Fig & Pecan x 6","115354FIG-PECAN-COOKIE.jpg,115354FIG-PECAN-JAR.jpg"
"548954","Byron Bay Cookies - Lemon & Macadamia x 6","103130Byron-Lemon-Mac.jpg"
"548955","Byron Bay Cookies - Milk Choc Chunk x 6","103131Byron-Milk-Choc.jpg,104130Byron-Milk-Choc-Jar.jpg"
"549089","Byron Bay Cookies - Rocky Road x 6","121421Byron-Rocky-Road-Jar.jpg,121421Byron-Rocky-Road.jpg"
"548956","Byron Bay Cookies - Sticky Date & Ginger x 6","103131Byron-Sticky-Date-Ginger.jpg,104131Byron-Sticky-Date-Ginger-Jar.jpg"
"548957","Byron Bay Cookies - Triple Choc Fudge x 6","104130Byron-Triple-Choc-Jar.jpg,095519Byron-Triple-Choc.jpg"
"548958","Byron Bay Cookies - White Choc & Madadamia x 6","103131Byron-White-Choc-Mac.jpg,104130Byron-White-Choc-Mac-Jar.jpg"
"535587","Cadburys One Chocolate 1KG","104630cadbury111.jpg"
"549932","Cafe Express Fairtrade One Cup Decaf Filter Coffee Bags x 50","102908CADE-EXPRESS-DECAF-FILTER-COFFEE-BAGS.jpg"
"549931","Cafe Express Fairtrade One Cup Filter Coffee Bags x 50","102908CADE-EXPRESS-FILTER-COFFEE-BAGS.jpg"
"531762","Cafe Maid Cream Pots","030619cafe_maid_pots.jpg"
"531580","Cafe Wipez Urnex Cleaning Wipes","113547cafe_wipz1.jpg"
"531593","Cafelat Knock Box - Stainless Steel","110256barista_championship_knock_out11111.jpg"
"531955","Cafetiere Coffee Press","113606cafetiere_press.jpg"
"537088","Canadian Hot Spiced Apple Drink","014027Hot_Spiced_Apple_Photo.jpg,113144Hot-apple-Drink.jpg,113144Canadian_Hot_Spiced_Apple.jpg"
"531705","Cappuccino Cups & Saucers x6","014352capp_cups_and_saucers.jpg"
"531654","Cardboard Coffee Cup Clutches","101819clutches11.jpg"
"531657","Catalina Latte Glasses","014353catalina_glasses.jpg"
"541160","Champion Soya Milk Substitute Pots x 80","041820Champion-SOYA-Milk-Pots.jpg"
"551383","Charcoal Latte Powder","123207Charcoal-SuperLatte-Powder.jpg"
"540826","Chicopee Coffee Towels x 10","044713SuperTwill_Coffee_Wipe_Pack.jpg"
"531676","Chocolate Dusting Sprinkler","102454chocolate_sprinkles11.jpg"
"531677","Chocolate Flakes Sprinkler","102453chocolate_flakes11.jpg"
"540827","Chocolate Frothing Jug - 2 Sizes","052719Chocolate_Jug.jpg"
"531590","Cinnamon Coffee Sprinkler","102454cinnamon_sprinkler11.jpg"
"537132","Cinnamon Sticks & Star Anise","052713Star-Anise-&-Cinnamon.jpg"
"537983","Cioccolato Suprema Hot Chocolate 2KG","043321Cioccolato_Suprema_-_Main.jpg,090345Cioccolato-Supremo-Chocolate-2KG.jpg"
"542810","Claris Ultra Water Filters","121447CLARIS_ULTRA.jpg"
"535384","Classic Blend Filter Coffee Sachets","020912PureGusto-Filter-Coffee-BestSeller.jpg"
"531920","Classic Cappuccino Topping 10 x 750g","120626cappuccino_topping11.jpg"
"536772","Classic Creem Choc 10 x 1 Kilo","113629creemchoc111.gif"
"531846","Coffee Filter Papers x 250","103204coffee_filters.jpg"
"543897","Coffee Fresh Vacuum Can 500g","100341Air-Free-Coffee-Can.jpg"
"531727","Coffee Stencils","102454stencils1.jpg"
"551148","Coffeetek Vitro S1 Bean To Cup Machine","015043vitros1sombra877c1.png,015043S1-Touch-Screen.jpg,015256Vitro-PureGusto-Office.jpg,015043VITRO-S1_2.jpg"
"551001","Coffeetek Vitro X3 Bean To Cup Coffee Machine","122820vitro_large.jpg-10.png,122820VITROX3-ULTIMATE.jpg,123111VITROX3-SIDEANGLE-PUREGUSTO.jpg"
"531714","Colombian Supremo Filter Coffee","124951PureGusto-Filter-Coffee.jpg"
"531866","Condiment Dispenser","123404condimnent_dispenser.jpg"
"547719","Cosy Organic Matcha Green Tea Powder 100g","085212Cosy-Organic-Matcha-Tea-Green-Tea-Powder.jpg"
"540032","Crawfords Mini Assortment Packs x 100","045636NWT148_2.jpg"
"531786","Crunchy Italian Amaretto Biscuits x 300","095351amaretto_biscuits11111.jpg"
"531821","Cup Carry Trays","101819carry_cup_trays.jpg"
"540891","Daelmans Jumbo Caramel Stroop Waffles x 36","114204Dealmans_Stroopwafels.jpg,114205Dealmans_Stroopwafels_In_Case.jpg"
"537741","DART EPS Foam Cups & Lids","100501Dart_EPS_Cups.jpg"
"531612","Decaf Cafetiere 500g","113236PureGusto-Cafetiere.gif"
"538888","Dinkum Cappuccino Cool Mix 1.25 KG","053618Dinkum-Cappuccino-Cool.jpg"
"531637","Dinkum Shmoo MilkShake Starter Kit","020858dinkum_starter_kit111.jpg"
"531903","Dinkum Shmoo Stainless Steel Mixer Jar","020858stainless_steel_mixing_jar.jpg"
"531689","Disposable Coffee Cup Lids","094732lids11.jpg"
"538919","DOUBLE Coffee Pods - 14g - ARABICA x 50","114440Double_Coffee_Pods.png"
"539430","DOUBLE Coffee Pods - 14g - DECAF x 50","114440Double_Coffee_Pods.png"
"531649","Drizzle Bottle","111233drizzle_bottles.jpg"
"531707","Espresso Cups & Saucers x6","014353espresso_cups_and_saucers.jpg"
"531963","Espresso Machine Shower Plates","110524shower_plates.jpg"
"531691","Espresso Shot Glass - 2oz Lined","110524shot_glasses.jpg"
"542854","Everpure Claris Water Filters","035254EVERPURE_CLARIS.jpg"
"531728","Exotic Fruit Smoothie Mix - 1 Ltr","011808simply_exotic.jpg"
"531867","Expobar Carat Espresso Machine","024831La_cimbali_casadio_diece1.jpg"
"531915","Expobar Diamant Espresso Machines","113631Expobar_In_Shop.jpg,024831expobar_diamant111.jpg"
"531898","Expobar G10 Commercial Espresso Machine","024831expobar_g1011.jpg"
"540103","Expobar Monroc Espresso Machines","010244monroc-one-group.jpg,010245monroc2_1.jpg"
"543807","Expobar Rosetta Espresso Machine","0413062-Group-Rosetta.jpg"
"544054","Expobar Zenith On Demand Grinder","021853Expobar-Zenith-On-Demand-Grinder.jpg"
"531787","FairTrade Brown Sugar Sticks x 1000","020936fairtrade_brown_sugar_sticks.jpg"
"531909","FairTrade Caramelised Biscuit x 300","020937fairtrade_caramelised_biscuits11111.jpg"
"531583","FairTrade Chocolate Sprinkler","115357Sprinkler-Fairtrade-Choc.jpg"
"531902","FairTrade Coffee Sticks x 250","020937fairtrade_coffee_sticks11.jpg"
"531701","FairTrade Dark Italia Coffee Beans","051326PureGusto-Beans-FairTrade.jpg"
"531813","FairTrade Hot Chocolate Sachets x 100","120330f.t_hot_chocolate_sachets11.jpg"
"531589","FairTrade Milano Filter Coffee","124951PureGusto-Filter-Coffee.jpg"
"531851","FairTrade Romero Coffee Beans 6KG","051326PureGusto-Beans-FairTrade.jpg"
"531656","FairTrade Tea Bags 1100 Pack","110736English_Garden_Fairtrade_Tea.jpg"
"531621","FairTrade White Sugar Sticks x 1000","021111fairtrade_white_sugar.jpg"
"540266","Festive Coffee Stencils Set x 8","03505661xJUu1q69L._SL1001_11.jpg"
"531769","Fine Granule Vending Sugar 2 KG","114825saint_louis_vending_sugar111111.jpg"
"549073","Fiorenzato F64 Evo On Demand Grinder","101716Fiorenzato-F64-EVO-Grinder1.jpg"
"548273","For Life Stump Tea Pot -  Lime Green","045006limegreen18.jpg"
"548268","For Life Stump Tea Pot - Black","045003black18.jpg"
"548281","For Life Stump Tea Pot - Blue","045007marineblue18.jpg"
"548284","For Life Stump Tea Pot - Burgandy","045005burgendy18.jpg"
"548286","For Life Stump Tea Pot - Carrot","045005carrot18.jpg"
"548287","For Life Stump Tea Pot - Coral","045006coral18.jpg"
"548269","For Life Stump Tea Pot - Grey","045006grey18.jpg"
"548288","For Life Stump Tea Pot - Mandarin","045007mandarin18.jpg"
"548276","For Life Stump Tea Pot - Red","045007red18.jpg"
"548278","For Life Stump Tea Pot - Turquoise","045007turq18.jpg"
"548280","For Life Stump Tea Pot - White","045026white18.jpg"
"536945","ForLife Stump Tea Pots 18oz","045006limegreen18.jpg,045006grey18.jpg,045006coral18.jpg,045003black18.jpg,045007marineblue18.jpg,045007red18.jpg,045007mandarin18.jpg,045007turq18.jpg,045005burgendy18.jpg,045005carrot18.jpg,045026white18.jpg"
"550180","Franke A600 Bean to Cup Machine","103415FRANKIE-A600.jpg"
"531930","Franke Descaling Solution 700ML","091813franke_descaling_solution11.jpg"
"531645","Fresh Loose Leaf Teas","042640Birchall-Green-Tea-Loose.jpg,101532loose_tea.jpg,013424Birchall-Red-Berry-Loose.jpg,041255Birchall-Peppermint-Loose.jpg,012303Birchall-Darjeeling-Loose.jpg,010214Birchall-Great-Rift-Breakfast-Loose.jpg"
"531829","Fruit Smoothie Mixes - Mixed Case - 8 x 1 Ltr","023737fruit_smoothie_mixes1.jpg"
"550104","FUEL Paper Cup Pack - Includes Cups Lids & Stirrers x 40","095811Fuel-Paper-Cups_.jpg"
"540690","Gaggia Accademia Coffee Maker","045947acca.jpg"
"540692","Gaggia Anima - Prestige Coffee Maker","051839gaggia_anima.jpg"
"540706","Gaggia Brera Coffee Machine","035339brera.jpg"
"540688","Gaggia Carezza Style Coffee Maker","045709carezza11.jpg"
"531983","Gaggia Commercial Grinders","032051gaggia_commercial_grinders.jpg"
"531755","Gaggia D90 Evolution Commercial Espresso Machine","104531D90-3-Group-Evolution.jpg,104531D90-2-Group-Evolution.jpg"
"541093","Gaggia Deco Espresso Machine","105501Gaggia-Deco-Back.jpg,024832gaggia_deco.jpg"
"531820","Gaggia G Series","024832gaggia_gseries.jpg"
"540691","Gaggia MDF Grinder - Black","045947grrinder.jpg"
"531754","Gaggia XD Espresso Coffee Machines","024832gaggia_x-series.jpg"
"540829","Galaxy Hot Chocolate Bags","012634Galaxy_Vending_Chocolate.jpg"
"540436","Galaxy Hot Chocolate Sachets x 100","114732Galaxy-Chocolate-Sachets.jpg"
"539447","Glaceau Smart Water 24 x 600ml","043200Smart_Water_600ml.jpg"
"531723","Glass Biscotti Jars - 3.8 Ltr","023012Biscotti_Jar.jpg,023014Biscotti_Jar_Scene.jpg,095352glass_biscotti_jar.jpg"
"548592","Golden Turmeric Latte Powder","124034Turmeric-Latte-Powder-Bag.jpg"
"543910","Granulated Skimmed Milk Powder 10 x 500g","014358Knighton-Granulated-Milk-Powder.jpg"
"548009","GRAVIA ESE PODS - HUGE SALE PRICE","121016variety_2.jpg"
"531849","Great Taste Award Winning Swiss Water Decaf Coffee","123049PureGusto-Beans-Decaf-Award11.jpg,042813Great-Taste-Award-Winning-Swiss-Water-Decaf-Main-Pic.jpg"
"548594","Green Matcha Latte Powder","011630Matcha-Latte-Powder.jpg"
"531899","Grinder Cleaning Brush","110256grinder_cleaning_brush.jpg"
"550156","Group Head Cleaning Brush","123755GROUP_HEAD_CLEANING_BRUSH.jpg"
"531959","Group Head Seals 8.5mm","110256group_head_seals_8.5mm.jpg"
"548595","Guarana Cacao Latte Powder","014104Guarana-Latte-Powder.jpg"
"531592","Harrogate Bottled Water - Sparkling x 24","123403harrogate_sparkling_water11.jpg"
"531588","Harrogate Bottled Water - Still x 24","123404harrogate_still_water11.jpg"
"551481","Horlicks Instant Hot Malty Goodness 400g","040700716gfZjTQrL._AC_SL1500_.jpg"
"540210","Hot Chocolate Dispenser - 5 Litre","040343ChocoLady.jpg"
"540828","Iberital IB7 Coffee Machine","010720Iberital_IB7_2_GRP_Compact.png,010719Iberital_IB7_1_GRP.jpg"
"541091","Iberital Intenz Commercial Coffee Machine","033148Iberital-Intenz-Package-Deal.jpg,101303Iberital-Intenze-2Group-Machine-Side.jpg"
"541343","Icelandic Glacial Water","090713Glacial-Water-500ml.png"
"551208","Illy Classico - Medium Roast - ESE Coffee Pods x 18","125837Illy-ESE-Pods-Classic.jpg"
"545950","iSi Chrome Charger Holder","120433iSi-Charger-Holder.jpg"
"531801","iSi Cream Whipper Chargers","030619isi_whipper_bulbs11111.jpg"
"531682","iSi Easy Whip Plus Cream Whipper","030619isi_easy_whip_white1.jpg"
"545951","iSi Funnel & Sieve Set","120433ISI-Funnel-Sieve-Set.jpg"
"531808","iSi Gourmet Plus Whip Cream Whipper","030619isi_gourmet_plus1.jpg"
"531712","iSi Injector Tips x 4","091154isi_injector_needles11.jpg"
"551008","iSi Nitro Whip 1 Litre","022247ISI-NITRO-WHIP.jpg"
"551007","iSi Nitro Whipper Charger Bulbs x16","022247ISI-NITRO-CHARGERS-16-PACK.jpg"
"546565","iSi Professional Chargers - Extra Capacity x 50","021558ISI-Pro-Chargers1.jpg"
"531720","iSi Profi Whip Cream Whipper","030619isi_profi_whipper11.jpg"
"541332","iSi SODA Chargers","114243ISI-Soda-Chargers.jpg"
"541094","iSi Stainless Steel Tips x 3","111026iSi-Stainless-Tip-Set.jpg"
"535663","iSi Thermo Whip Whipper 0.5 Litre","010309iSi_1.5L_Stainless_steel_thermo_whipper3111.jpg"
"531695","iSi Thermo Xpress Cream Whip Station & Free Bulbs","030619isi_xpress_cream_whipper_station1.jpg"
"531797","Italian Almond Biscotti Biscuits Bars x 24","122815Monardo-Biscotti1111111.jpg"
"541310","JTC OmniBlend V Pro OmniShield Smoothie Blender","010016JTC-OmniBlend.jpg,010016JTC_OmniBlend_Pro_Omnishield.jpg"
"532017","Jumbo Wide Smoothie Straws x 100","124538jumbo_straws11.jpg"
"531814","Jura 2 Phase Cleaning Tablets","091814jura_25s1111111.jpg"
"548841","Jura A1 Coffee Machine","010345Jura-A1-Coffee-Machine.jpg"
"548848","Jura A7 Coffee Machine","093314Jura-A7-Coffee-Machine.jpg"
"548849","Jura A9 Coffee Machine","094758Jura-A9-Coffee-Machine.jpg"
"531736","Jura Air Intake Nozzle (J67656)","091813jura_intake_nozzle1.jpg"
"544055","Jura Bluetooth Smart Connect Adapter","043429Jura-Smart-Connect-Bluetooth-Adapter.jpg"
"547264","Jura Claris PRO - Smart Water Filter - PRO Grey","103301Claris-Smart-PRO-Filter.png"
"542120","Jura Claris PRO Blue Water Filter - PRO Blue","035540Jura-Claris-Pro-Blue.jpg"
"542121","Jura Claris PRO White Water Filter - PRO White","035540Jura-Claris-Pro-White.jpg"
"531912","Jura Claris Water Filters - Claris Blue","091812claris_blue.jpg"
"541153","Jura Claris Water Filters - Claris Smart","122643Jura-Claris-Smart-Water-Filter.jpg"
"531823","Jura Claris Water Filters - Claris White","091813claris_white.jpg"
"548959","Jura Coffee Machine Care Kit","091153Jura-Care-Kit.jpg"
"531945","Jura Cool Control","034230jura_cool_control.jpg"
"531971","Jura Cup Warmer - Slimline","034230jura_cup_warmer_slimline.jpg"
"531738","Jura Descaling Tablets","091813jura_descaling_tablets111.jpg"
"531577","Jura ENA 9 Black Aroma+","023927ena_9.jpg"
"548850","Jura GIGA 5 Coffee Machine","095810Jura-Giga-5-Coffee-Machine.jpg"
"531958","Jura GIGA X3 Generation 2 Coffee Machine","105731Jura-Giga-X3-Gen2-Main.jpg,105732Jura-Giga-X3-Gen2-Top.jpg,105732Jura-Giga-X3-Gen2-With-Acessories.jpg"
"538591","Jura GIGA X8 Gen 2 Coffee Machine","105402giga-x8_fr2ct1111111.jpg"
"541308","Jura Glass Milk Container","115934Jura_Glass_Milk_Container.jpg"
"531744","Jura Impressa D60 - BLACK FRIDAY DEAL","034229jura_c9_one_touch111.jpg"
"543998","Jura Impressa E6 Coffee Maker","085633JURA-E6-Coffee-Machine.jpg"
"541120","Jura Impressa E8 Coffee Machine","114440Jura-E8-Coffee-Machine111111.jpg"
"540084","Jura Impressa Z6 Coffee Machine","013222big_z6.jpg"
"548840","Jura J6 Coffee Machine","114616Jura-J6-Coffee-Machine.jpg"
"531830","Jura JX6 Coffee Machine","023932s9111111.jpg"
"534833","Jura JX8 Platinum Coffee Machine","023929giga_5_chrome11.jpg,023928giga_5_allum111111.jpg"
"531907","Jura Milk Accessory Kit","091814jura_milk_accessory_kit1.jpg"
"531745","Jura Milk Cleaning Fluid 1Ltr","114037jura_milk1.jpg"
"531857","Jura Milk Container","091814jura_milk_container.jpg"
"531704","Jura Milk Foamers","091814jura_cappucino_frother1.jpg,104837Jura-Professional-Fine-Foamer1.jpg"
"548838","Jura S8 Coffee Machine","105409Jura-S8-Coffee-Machine111.jpg"
"531699","Jura Stainless Milk Flask","091920stainless_milk_flask.jpg"
"547347","Jura Stainless Steel Milk Pipe Upgrade Kit","103747Jura-Stainless-Steel-Milk-Pipe.jpg"
"543008","Jura WE6 Coffee Machine Package","013132Jura-WE6.jpg"
"543013","Jura WE8 Coffee Machine Package","020426JURA_WE8_Side.jpg,020147Jura-WE8.jpg,022907Jura-WE8-Package.png"
"548837","Jura Z8 Coffee Machine","095423Jura-Z8-Coffee-Machine11.jpg"
"531614","Kenco Decaffeinated Vending Coffee 10 X 300g","120626kenco_vending_coffee_decaf11.jpg"
"531600","Kenco Really Rich Vending Coffee 10 x 300g","120626kenco_vending_coffee_really_rich.jpg"
"531599","Kenco Really Smooth Vending Coffee 10 x 300g","120626kenco_vending_coffee_really_smooth11.jpg"
"531630","Kraft Paper Carry Bags","101818kraft_paper_bags1111.jpg"
"531904","Kraft Ripple Coffee Cups & Lids","101818kraft_ripple_cups11111.jpg"
"548769","Kraft Take Away Deli Boxes","040433Kraft-Paper-Deli-Box11.jpg,040434Kraft-Paper-Deli-Box-Open.jpg"
"550008","La Spazielle S5 Espresso Machines","011311La-Spazielle-S5-Coffee-Machine-PureGusto.jpg"
"531706","Large Cappuccino Cups & Saucers 12oz x6","014832large_cappuccino_cups.jpg"
"531854","Latte Mug x6","014353latte_mug.jpg"
"551433","Lavazza Aroma Piu Coffee Beans 6KG","011831LAVAZZA-AROMA-PIU.jpg"
"535351","Lavazza Blue Capsules - Crema Gusto Dolce x 100","093212blue_crema_gusto.jpg"
"535352","Lavazza Blue Capsules - Decaffeinato x 100","093212blue_decaffeinto.jpg"
"535350","Lavazza Blue Capsules - Delicato x 100","093212blue_delicato.jpg"
"535348","Lavazza Blue Capsules - Espresso Amabile x 100","093211blue_amabile.jpg"
"535347","Lavazza Blue Capsules - Espresso Intenso TOP CLASS - Double Shot x 100","093212blue_intenso_double.jpg"
"535353","Lavazza Blue Capsules - Espresso Intenso TOP CLASS - Single Shot x 100","093210blue_intenso_single11.png"
"550032","Lavazza Blue Capsules - Ricco x 100","111336LAVAZZA-RICCO-CAPSULE.jpg"
"550033","Lavazza Blue Capsules - Rotondo DOUBLE Shot x 100","111337LAVAZZA-ROTONDO-CAPSULE.jpg"
"535355","Lavazza Blue Capsules - Tierra Intenso Double Shot x 100","093212blue_tierra_intenso_dbl.jpg"
"535354","Lavazza Blue Capsules - Tierra Intenso Single Shot x 100","100925blue_tierra_intenso_single.jpg"
"551095","Lavazza Branded Double Wall Paper Cups","10182212oz-Lavazza-Double-Walled-Paper-Cups-500s.jpg"
"536809","Lavazza Brown Sugar Sticks x 1000","123750brown_stick.png"
"536815","Lavazza Cappuccino Cups & Saucers x 6","011841cappuccino_cup.jpg"
"540269","Lavazza Coffee By The Bag","031417coffee_beans_cover.jpg"
"536816","Lavazza Colazione Cups & Saucers x 6","040333LAV_CAL.jpg"
"536774","Lavazza Crema Aroma Blue Coffee Beans 6KG","123942crema_aroma111111.jpg"
"535345","Lavazza DEK Decaf Ground Sachets x 80","031053dek11.jpg"
"551432","Lavazza Dek Decaffeinated Coffee Beans 500g","105329LAVAZZA_DEK_500g.jpg"
"535342","Lavazza Gold Selection Coffee Beans 6KG","031053gold_selection1.jpg"
"535346","Lavazza Gran Espresso ESE Pods x 150","032406gran_crema_ese_pods11.jpg"
"539762","Lavazza Gran Filtro Filter Coffee","104323Lavazza-Gran-Filtro.jpg"
"535340","Lavazza Grand Espresso Coffee Beans 6KG","031053grand_espresso11.jpg"
"540185","Lavazza Grande Ristorazione Coffee Beans 6KG","113026Grand_Ristorazione_Red.jpg"
"536811","Lavazza Pavement Sign","122322coffee_sign11.jpg"
"535343","Lavazza Pienaroma Coffee Beans 6KG","031054pienaroma11.jpg"
"543991","Lavazza Qualita Rossa Coffee Beans 6KG","113031Qualita_Rossa.jpg"
"535344","Lavazza Super Crema Coffee Beans 6KG","031054super_crema111.jpg"
"535341","Lavazza Tierra Arabica Coffee Beans 6KG","031054tierra_arabica11.jpg"
"550034","Lavazza Top Class Coffee Beans 6KG","111337LAVAZZA-TOP-CLASS-6KG.jpg"
"536808","Lavazza White Sugar Sticks x 1000","123201white_stick.png"
"531917","Long Handled Latte Spoons x12","113820long_handled_latte_spoons11.jpg"
"549049","Lotus Biscoff Biscuit Crumb x 750g","012127LOTUS_BISCOFF_CRUMB_750g.jpg,012129lotus-speculoos-crumbx750g.jpg,012129Lotus-Biscoff-Latte.jpg"
"551261","Lotus Biscoff Squeezy Sauce 1KG","123028LOTUS-SAUCE-1KG.jpg"
"531789","Lotus Caramelised Biscuits x 300","092527lotus_indiv111111.jpg,095542lotus_caramelized_biscuits.jpg"
"549075","Macap M2D Mini On Demand Coffee Grinder","111844MACAP-M2D-Silver-Coffee-Grinder.jpg"
"549074","Macap MXA Automatic Coffee Grinder","105622MACAP-MXA-COFFEE-GRINDER.png"
"531924","Mango & Passionfruit Smoothie - 1 Ltr","124540sweetbird_mango_+_passionfruit1.jpg"
"531663","Mango Smoothie Mix - 1 Ltr","124538sweetbird_mango1.jpg"
"531962","Matrix Mini Magnum","100637Matrix_Mini_Magnum.jpg"
"531748","Matrix Mini Monarch","100637Matrix_Mini_Monarch.jpg"
"549076","Mazzer Super Jolly Coffee Grinder","113932Mazzer-Super-Jolly-Coffee-Grinder.jpg"
"543896","Mentos Mints Individually Wrapped x 700","092628Wrapped-Mentos-Mints.png"
"531759","Metal & Wooden Coffee Tampers","110256barista_coffee_tamper.jpg"
"538887","Metal Syrup Holder Stand - 3 Bottle","050115stand02_1111.jpg"
"531644","Milano Cafetiere Sachets x 100","113236PureGusto-Cafetiere.gif"
"531716","Milano Ground Filter Coffee","124951PureGusto-Filter-Coffee.jpg"
"543194","Milfresh Gold Granulated Milk 10 x 500g","034141Milfresh-Gold-Vending-Milk.jpg"
"538756","Milfresh Silver Granulated Milk 10 x 500g","014225milfreshsilverbag1.jpg"
"531792","Milk Frothing Spatula","110257milk_frothing_spatula.jpg"
"550159","Milk Pipe Cleaning Brush","123755MILK-PIPE-CLEANING-BRUSH.jpg"
"531721","Milk Steaming Thermometer","110620thermometer.jpg,04550551hShKnVxqL._SL1000_.jpg"
"531653","MilkShake Glasses x 6","020858milkshake_glasses.jpg"
"532022","Millac Roselle Supreme Squirty Cream Aerosol 500g","112033roselle-supreme-aerosol-uk.jpg,111233squirty_cream.jpg"
"547363","Monin Syrups - Chocolate - 1 Litre","034557Monin-Chocolate-Syrup-Litre-Bottle.jpg"
"536976","Motta Latte Art Pen","031910motta_art_pen.jpg,115928Motta_Latte_Art_Pen.png"
"536977","Motta Lattiera Deluxe Foaming Jug","033752motta_deluxe.jpg"
"545318","Motta Professional Barista Kit","120437Motta-Barista-Kit.jpg"
"531702","Natural White Mini Marshmallows","120330mini_marshmallows11111111.jpg"
"546037","Nescafe Azera Americano Coffee Tin 500g","022152Nescafe-Azera-Tin-500g.png"
"531646","Nescafe Fairtrade Partners Blend Coffee 500g","012553nescafe_ft_partners11.png"
"531737","Nescafe Gold Blend Coffee Sticks x 200","013025nescafe_gold_blend_sticks.jpg"
"531833","Nescafe Gold Blend Coffee Tin 750g","012553nescafe_gold_blend_tin111.jpg"
"550003","Nescafe Gold Blend Decaff Sticks x 200","120851Nescafe_Gold_Blend_Decaff.jpg"
"531768","Nescafe Gold Blend Vending Coffee 10 x 300g","024714nescafe_gold_blend11.jpg"
"531832","Nescafe Original Coffee Sticks x 200","012553nescafe_original_sticks.jpg"
"531834","Nescafe Original Decaf Coffee Tin 500g","012553nescafe_decaf_coffee_tin111.jpg"
"531835","Nescafe Original Decaf Sticks x 200","012553nescafe_gold_blend_decaf_sticks.jpg"
"532031","Nescafe Original Instant Coffee Tin 500g","012553nescafe_original_tin1111.png"
"551099","Olympia Pump Action Airpot 2.5Ltr","125548312bEUWvbQL.jpg"
"531798","Pallo Coffee Machine Cleaning Tool","110523pallo_coffee_tool_2.gif"
"531941","Pallo GrinderMinder Brush","110524pallo_grinderminder111.jpg"
"531576","Pallo Steamy Wanda Cleaning Tool","110524pallo_steamy_wanda.jpg"
"531717","Pallo Tool Heads - 3 Pack","110523pallo_3_head.jpg"
"531944","PG Tips Tea Bags 1100 Pack","021111pg_tips_115011111.jpg"
"531888","Pineapple & Passionfruit Smoothie Mix - 1 Ltr","011808Simply_pineapple_and_passion.jpg"
"531672","PLA Biodegradable Smoothie Cups & Lids","101819pla_smoothie_cups11.jpg"
"531934","Plain White Paper Cups & Lids","101819plain_white_cups.jpg"
"539517","Plastic Cups - Pint & Half Pint CE","044834Plastic-Cups-Half-Pint.jpg"
"531922","PP Recyclable Clear Plastic Smoothie Cups & Lids","103232pp_cups11.jpg"
"531843","Puly Caff Cleaning Tablets","113548puly_caff_cleaning_tabs.jpg"
"531591","Puly Caff Cleaning Tablets For Egro, Etna, Solis Machines","114036wmf_cleaning1.jpg"
"544968","Puly Espresso Machine Cleaning Kit","125618Puly_Cleaning_Kit.png"
"531575","Puly Grind - Grinder Cleaning Crystals","113548puly_grind.jpg"
"531873","Pure Nicaraguan Coffee Beans - MICROLOT","102517Rainforest-PG-Beans.jpg,112140PureGusto-Beans11.jpg"
"540133","PureGusto - Blue Mountain - ESE Coffee Pods x 100","112140Puro-Gusto-Pod11.jpg"
"549119","PureGusto - Honduras / Peruvian Blend  - Compostable Nespresso Capsules x 60","123137Guatemalan-Eden-Project1.jpg"
"536974","PureGusto Arabica Origins Variety Pack ESE Coffee Pods x 100","112140Puro-Gusto-Pod11.jpg"
"548783","PureGusto Biodegradable Paper Straws 8 Inch x 500","082841striped-paper-straws_1361737711.jpg,084138Paper-Straws-Black-White.png"
"531724","PureGusto Branded Crockery Range","073750PureGusto-Branded-Crockery.jpg"
"531844","PureGusto Brown Sugar Sticks x 1000","032115PuroGusto-Btown-Sugar.jpg"
"551034","PureGusto Bulletproof Mycotoxin Free Coffee",""
"547907","PureGusto Chai Latte Powder 1 KG","093531PureGusto-Chai-Latte-Powder.jpg"
"531643","PureGusto Colombian Rio Magdalena Coffee Beans 6KG","100138PureGusto-Colombian-Great-Taste-2018.jpg"
"531628","PureGusto Continental ESE Coffee Pods x 100","112140Puro-Gusto-Pod11.jpg"
"531731","PureGusto Continental Intenso Coffee Beans 6KG","112140PureGusto-Beans11.jpg"
"531978","PureGusto Costa Rican ESE Coffee Pods x 100","112140Puro-Gusto-Pod11.jpg"
"543937","PureGusto Customer Loyalty Cards x 100","120140PureGusto-Coffee-Loyalty-Cards.jpg"
"531730","PureGusto Dark Italia Coffee Beans 6KG","112140PureGusto-Beans11.jpg"
"546102","PureGusto ESE Coffee Pods - Honduras Arabica x 100 - Unwrapped","112140Puro-Gusto-Pod11.jpg"
"531887","PureGusto ESE Coffee Pods - Mixed Variety Pack x 100","112140Puro-Gusto-Pod11.jpg"
"531841","PureGusto Espresso Cleaning Powder 900g","110524puregusto_cleaning_powder11.jpg"
"546679","PureGusto Frappe Mixes 1 KG","053338Gusto-Frappe-Mix-Powders.png"
"547815","PureGusto Great Taste Award Mixed Coffee Sample Box 3 x 1 KG","0248072017-Coffee-Beans-Great-Taste-Award.jpg,123050PureGusto-Bean-Award1111111.jpg,011809PureGusto-Santa-Rosa-Yellow-Great-Taste1111111.jpg"
"549027","PureGusto Great Taste Award Pavement Sign","033523PureGusto-Pavement-Sign-Outdoor.jpg"
"532024","PureGusto Italian Caramelised Biscuits x 300","095543purogusto_caramelized_biscuits1.jpg"
"531868","PureGusto Italian Passion ESE Pods x 100","112140Puro-Gusto-Pod11.jpg"
"539851","PureGusto MAMA CATA - Great Taste Award - Coffee Beans 6KG","013658Secret-Blend.jpg,015041PureGusto-Mama-Cata-Great-Taste.jpg"
"541090","PureGusto MAMA CATA - Great Taste Award - ESE Pods x 100","123746Great-Taste-Pods-ESE-Pods11.jpg"
"548782","PureGusto Mason Jars With Handles x 4 Set","024019PureGusto-Mason-Jars.jpg"
"531927","PureGusto Premium Blend Hot Chocolate Powder","120331purogusto_premium_choc_blend111111.jpg"
"531746","PureGusto Premium English Breakfast Tea Bags 1100 Pack","101146prima_tea.jpg"
"531800","PureGusto Pure Arabica Coffee Beans 6KG","112140PureGusto-Beans11.jpg"
"531627","PureGusto Pure Arabica Coffee Pods x 100","112140Puro-Gusto-Pod11.jpg"
"531842","PureGusto PureClean Cleaning Fluid - Jura Approved - 1 Ltr","091920puro_gusto_cleaning_fluid.png"
"531732","PureGusto Romero Great Taste Award Coffee Beans 6KG","0248072017-Coffee-Beans-Great-Taste-Award.jpg"
"545656","PureGusto SAMBA Peruvian Arabica Coffee Beans","124737PureGusto-Samba.jpg"
"532016","PureGusto Shakes Mixed Case","100917mixed_case.jpg"
"538208","PureGusto Signature - Great Taste Award - ESE Pods x 100","123746Great-Taste-Pods-ESE-Pods11.jpg"
"531882","PureGusto Signature Great Taste Award Coffee Beans 6KG","123050PureGusto-Bean-Award1111111.jpg"
"531929","PureGusto Sprinkler Pack","095543purogusto_sprinkler_pack1.jpg"
"551153","PureGusto SUBLIMA Triple Certified Coffee Beans 6KG","124402Sublima-Triple-Certified-Coffee.jpg"
"531632","PureGusto Sumatra Crema Coffee Pods x 100","112140Puro-Gusto-Pod11.jpg"
"531629","PureGusto Swiss Water Decaf Espresso Pods x 100","095331Swiss-Water-Decaf-ESE-Pods11.jpg,112140Puro-Gusto-Pod11.jpg"
"531845","PureGusto White Sugar Sticks x 1000","032116PuroGusto-White-Sugar.jpg"
"531757","PureShakes - Banana Milkshake Mix 1 KG","100916banana11.jpg"
"538868","PureShakes - Caramel Macchiato Shake Mix 1 KG","124623Shakes-Mini-Banner11.jpg"
"538869","PureShakes - Choco Mint Milkshake Mix 1 KG","114020PureShakes-ChocolateMint.jpg"
"531933","PureShakes - Chocolate Milkshake Mix 1 KG","100916chocolate11.jpg"
"531875","PureShakes - Strawberry Milkshake Mix 1 KG","100917strawberry11.jpg"
"531885","PureShakes - Vanilla Milkshake Mix 1 KG","100918vanilla11.jpg"
"531870","PureShakes Milkshake Starter Kit","011456Artemis-Mixer-Red.jpg,011456Artemis-Mixer-Black.jpg,100917puregusto_starter.gif,011457Artemis-Mixer-Blue.jpg,011457Artemis-Mixer-Cream.jpg,095319shakes-lge-BANANA-NEW.jpg"
"531633","Renegite Descaler Sachet","103205renegite_descaler_sachet.jpg"
"551384","Rooibos Latte Powder","123207Rooibos-Latte-Powder.jpg,123207Rooibos_Latte.jpg"
"531856","Rough Cut Sugar Cubes - White & Brown 1KG","032537rough_cut_sugar_cubes.jpg"
"531935","Rubber Anti Scorch Steam Wand Sleeve","110256anti_scorch_steam.jpg"
"531685","Rubber Cleaning Blank Disc","110257cleaning_blank.jpg"
"543528","Santa Rosa Yellow Bourbon Coffee - Great Taste Award Winner","011809PureGusto-Santa-Rosa-Yellow-Great-Taste1111111.jpg"
"537146","Seasonal Syrup Pack","075412Seasonal-Syrup-Pack.jpg"
"531709","Semi Skimmed Milk Pots x 120","030619millac_semi_skimmed11.jpg"
"539807","Semi Skimmed Milk Sticks x 240","103043DairyStix111111.jpg"
"531640","Shmoo Banana Milkshake Mix 1.8 KG","020858schmoo_banana1.jpg"
"531641","Shmoo Chocolate MilkShake Mix 1.8 KG","020858schmoo_choc1.jpg"
"551235","Shmoo Chocolate Mint MilkShake Mix 1.8 KG","014344SHMOO_CHOC_MINT.jpg"
"531661","Shmoo Milk Shake Mixed Case","020858dinkum_mixed_case11.jpg"
"531905","Shmoo Strawberry Milk Shake Mix 1.8 KG","020858schmoo_strawberry1.jpg"
"551102","Shmoo Toppings - Fruit Crispies x 320g","015552fruit-_krispies.jpg"
"531652","Shmoo Vanilla MilkShake Mix 1.8 KG","020858schmoo_vanilla111.jpg"
"531623","Signature - Great Taste Award - Cafetiere Sachets x 100","113236PureGusto-Cafetiere.gif"
"531713","Signature - Great Taste Award Filter Sachets","050945Great-Taste-Filter1.jpg"
"531910","Signature Freeze Dried Vending Coffee 10 x 300g","120626pure_colombian11.jpg"
"531807","Simply - Natural Coffee Syrups - 1 Ltr","125630simplu1.jpg"
"551164","Simply Almond ORGANIC Coffee Syrup - 1 Litre","082814Organic_ALMOND_1ltr_V2.png"
"547442","Simply Almond Syrup - 1 Litre","095628Simply-Almond-Coffee-Syrup.jpg"
"547443","Simply Amaretto Syrup - 1 Litre","095629Simply-Amaretto-Coffee-Syrup.jpg"
"547444","Simply Apricot Syrup - 1 Litre","095629Simply-Apricot-Coffee-Syrup.jpg"
"547419","SIMPLY Banana Puree - 1 Litre","010145Monin-Red-berries-Fruit-Puree111.jpg"
"547445","Simply Banana Syrup - 1 Litre","095630Simply-Banana-Coffee-Syrup.jpg"
"547446","Simply Banoffee Syrup - 1 Litre","095631Simply-Banoffee-Coffee-Syrup.jpg"
"547467","Simply Black Forest Fruits Syrup - 1 Litre","100144Simply-Forest-Fruit-Coffee-Syrup.jpg"
"547447","Simply Blackberry Syrup - 1 Litre","095628Simply-Blackberry-Coffee-Syrup.jpg"
"547448","Simply Blueberry Syrup - 1 Litre","095629Simply-Blueberry-Coffee-Syrup.jpg"
"547449","Simply Bubblegum Syrup - 1 Litre","095630Simply-Bubblegum-Coffee-Syrup.jpg"
"547450","Simply Butterscotch Syrup - 1 Litre","095630Simply-Butterscotch-Coffee-Syrup.jpg"
"548372","Simply Candy Floss Syrup - 1 Litre","122005Simply-Candy-Floss-Syrup.jpg"
"551165","Simply Caramel ORGANIC Coffee Syrup - 1 Litre","082814Organic_CARAMEL_1ltr_V2.png"
"547451","Simply Caramel Syrup - 1 Litre","095631Simply-Caramel-Coffee-Syrup.jpg"
"547452","Simply Cheesecake Syrup - 1 Litre","095937Simply-Cheesecake-Coffee-Syrup.jpg"
"547453","Simply Cherry Syrup - 1 Litre","095937Simply-Cherry-Coffee-Syrup.jpg"
"547454","Simply Chestnut Praline Syrup - 1 Litre","095938Simply-Chestnut-Praline-Coffee-Syrup.jpg"
"548751","Simply Chocolate Frappe Mix 1.75 KG","011028Simply-Chocolate-Frappe.jpg"
"547456","Simply Chocolate Mint Syrup - 1 Litre","095938Simply-Chocolate-Mint-Coffee-Syrup.jpg"
"547455","Simply Chocolate Syrup - 1 Litre","095938Simply-Chocolate-Coffee-Syrup.jpg"
"547457","Simply Christmas Pudding Syrup - 1 Litre","095937Simply-Christmas-Pudding-Coffee-Syrup.jpg"
"547458","Simply Cinnamon Syrup - 1 Litre","095937Simply-Cinnamon-Coffee-Syrup.jpg"
"551226","Simply Cloudy Rhubarb Lemonade Syrup - 1 Litre","112438SIMPLY_CLOUDY_RHUBARB_SYRUP.jpg"
"547459","Simply Coconut Syrup - 1 Litre","095938Simply-Coconut-Coffee-Syrup.jpg"
"548752","Simply Coffee Frappe Mix 1.75 KG","011029Simply-Coffee-Frappe.jpg"
"548166","Simply Coffee Syrup - 1 Litre","030241COFFEE1.jpg"
"546924","Simply Cookies & Cream Frappe 1.75KG","025048Simply-Frappe-Cookies-Cream11.jpg"
"547460","Simply Creme Brulee Syrup - 1 Litre","095938Simply-Creme-Brulee-Coffee-Syrup.jpg"
"547461","Simply Cupcake Syrup - 1 Litre","095938Simply-Cupcake-Coffee-Syrup.jpg"
"547465","Simply Eggnog Syrup - 1 Litre","100143Simply-Egg-Nog-Coffee-Syrup.jpg"
"551156","Simply Elderflower Syrup - 1 Litre","082817ELDERFLOWER_1LTR_NEW.png"
"547466","Simply English Toffee Syrup - 1 Litre","100144Simply-English-Toffee-Coffee-Syrup.jpg"
"547468","Simply French Vanilla Syrup - 1 Litre","104541Simply-French-Vanilla-Coffee-Syrup.jpg"
"547469","Simply Gingerbread Syrup - 1 Litre","100145Simply-Gingerbread-Coffee-Syrup.jpg"
"547470","Simply Green Apple Syrup - 1 Litre","100145Simply-Green-Apple-Coffee-Syrup.jpg"
"547471","Simply Grenadine Syrup - 1 Litre","100143Simply-Grenadine-Coffee-Syrup.jpg"
"537090","Simply Handheld Gourmet Sauces - 1KG","040920PureGusto-Luxury-Sauces111.jpg"
"547472","Simply Hazelnut Syrup - 1 Litre","100144Simply-Hazelnut-Coffee-Syrup.jpg"
"547479","Simply Honeycomb Syrup - 1 Litre","100145Simply-Honeycomb-Coffee-Syrup.jpg"
"548167","Simply Hot Cross Bun Syrup - 1 Litre","030244Simply-Syrup-Hot-Cross-Bun-Bottle.jpg"
"547646","Simply Hot Spiced Apple Winter Warmer Syrup - 1 Litre","025859Simply-Spiced-Apple-Winter-Warmer.jpg"
"547480","Simply Irish Cream Syrup - 1 Litre","100145Simply-Irish-Cream-Coffee-Syrup.jpg"
"531581","Simply Italian Wafers x 20","095543spitz_wafers1111111.jpg"
"547693","Simply Jasmine and Lime Iced Tea Syrup - 1 Litre","025858Simply-Jasmine-And-Lime-Iced-Tea-Coffee-Syrup11.jpg"
"547508","Simply Kiwi Syrup - 1 Litre","100146Simply-Kiwi-Coffee-Syrup.jpg"
"547643","Simply Lemon and Ginger Winter Warmer Syrup - 1 Litre","025857Simply-Lemon-And-Ginger-Winter-Warmer11.jpg"
"547644","Simply Lemon and Honey Winter Warmer Syrup - 1 Litre","025858Simply-Lemon-And-Honey-Winter-Warmer11.jpg"
"547509","Simply Lemon Syrup - 1 Litre","100313Simply-Lemon-Coffee-Syrup.jpg"
"547510","Simply Lime Syrup - 1 Litre","100314Simply-Lime-Coffee-Syrup.jpg"
"547412","SIMPLY Mango Fruit Puree - 1 Litre","010144Monin-Mango-Fruit-Puree111.jpg"
"547513","Simply Mango Syrup - 1 Litre","100314Simply-Mango-Coffee-Syrup.jpg"
"543898","Simply Mini Retail Coffee Syrups 250ml","101704Simply-Mini-Retail-Syrups.png"
"547519","Simply Mint Syrup - 1 Litre","100314Simply-Mint-Coffee-Syrup.jpg"
"548753","Simply Mocha Frappe Mix 1.75 KG","011029Simply-Mocha-Frappe.jpg"
"547520","Simply Mojito Mint Syrup - 1 Litre","100314Simply-Mojito-Mint-Coffee-Syrup.jpg"
"547645","Simply Mulled Fruit Winter Warmer Syrup - 1 Litre","025858Simply-Mulled-Fruit-Winter-Warmer11.jpg"
"531648","Simply Natural Coffee Syrups Starter Kit","110126simply_flavours1.jpg"
"547521","Simply Orange Syrup - 1 Litre","100314Simply-Orange-Coffee-Syrup.jpg"
"548003","Simply Original Hot Chocolate Powder 2 KG","041437Simply-Original-Chocolate.jpg"
"548101","Simply Panettone Syrup - 1 Litre","030241Simply-Syrup-Panettone-Bottle.jpg"
"547694","Simply Passion Fruit and Lemon Iced Tea Syrup - 1 Litre","025859Simply-Passion-Fruit-And-Lemon-Iced-Tea-Coffee-Syrup11.jpg"
"547414","SIMPLY Passion Fruit Puree - 1 Litre","010139Monin-Passion-Fruit-Puree1.jpg"
"547522","Simply Passion Fruit Syrup - 1 Litre","100314Simply-Passion-Fruit-Coffee-Syrup.jpg"
"547695","Simply Peach Iced Tea Syrup - 1 Litre","025858Simply-Peach-Iced-Tea-Coffee-Syrup11.jpg"
"547523","Simply Peach Syrup - 1 Litre","100314Simply-Peach-Coffee-Syrup.jpg"
"547539","Simply Peanut Butter Syrup - 1 Litre","025857Simply-Peanut-Butter-Coffee-Syrup11.jpg"
"547525","Simply Pear Syrup - 1 Litre","100315Simply-Pear-Coffee-Syrup.jpg"
"547543","Simply Pineapple Syrup - 1 Litre","100446Simply-Pineapple-Coffee-Syrup.jpg"
"551158","Simply Pistachio Syrup - 1 Litre","082820PISTACHIO_1LTR.png"
"547559","Simply Pomegranate Syrup - 1 Litre","100446Simply-Pomegranate-Coffee-Syrup.jpg"
"548165","Simply Popcorn Syrup - 1 Litre","030244Simply-Syrup-Popcorn-Bottle.jpg"
"547560","Simply Pumpkin Spice Syrup - 1 Litre","100447Simply-Pumpkin-Spice-Coffee-Syrup11.jpg"
"547416","SIMPLY Raspberry Fruit Puree - 1 Litre","010144Monin-Raspberry-Fruit-Puree11111111111.jpg"
"547562","Simply Raspberry Syrup - 1 Litre","100447Simply-Raspberry-Coffee-Syrup.jpg"
"547561","Simply Red Velvet Syrup - 1 Litre","100446Simply-Red-Velvet-Coffee-Syrup.jpg"
"551159","Simply Rhubarb Syrup - 1 Litre","082907RHUBARB_1LTR.png"
"548091","Simply Rose Syrup - 1 Litre","103154simply-rose.jpg"
"551166","Simply Salted Caramel ORGANIC Coffee Syrup - 1 Litre","082817Organic_SALTED_CARAMEL_1ltr_V2.png"
"547566","Simply Salted Caramel Syrup - 1 Litre","025858Simply-Salted-Caramel-Coffee-Syrup.jpg"
"531609","Simply Spiced Chai Latte 1KG","103733simply_chai1.jpg"
"547569","Simply Spiced Chai Syrup - 1 Litre","100447Simply-Spiced-Chai-Coffee-Syrup.jpg"
"547417","SIMPLY Strawberry Fruit Puree - 1 Litre","010227Monin-Strawberry-Fruit-Puree1.jpg"
"547584","Simply Strawberry Syrup - 1 Litre","100447Simply-Strawberry-Coffee-Syrup.jpg"
"551160","Simply Sugar Free Almond Syrup - 1 Litre","082813ALMOND_1ltr_SF.png"
"548771","Simply Sugar Free Amaretto Syrup - 1 Litre","082814AMARETTO_SF.png"
"547638","Simply Sugar Free Caramel Syrup - 1 Litre","030927Simply-Caramel-Sugar-Free-Coffee-Syrup11.jpg"
"547639","Simply Sugar Free Chocolate Syrup - 1 Litre","030927Simply-Chocolate-Sugar-Free-Coffee-Syrup.jpg"
"551161","Simply Sugar Free Cinnamon Syrup - 1 Litre","082817CINNAMON_1ltr_SF.png"
"548770","Simply Sugar Free Gingerbread Syrup - 1 Litre","082818GINGERBREAD_SF.png"
"547640","Simply Sugar Free Hazelnut Syrup - 1 Litre","030928Simply-Hazelnut-Sugr-Free-Coffee-Syrup111111.jpg"
"551163","Simply Sugar Free Raspberry Syrup - 1 Litre","082907RASPBERRY_1ltr_SF.png"
"548772","Simply Sugar Free Salted Caramel Syrup - 1 Litre","103019sf-salted-caramel-syrup.jpg"
"551162","Simply Sugar Free Strawberry Syrup - 1 Litre","082907STRAWBERRY_1ltr_SF.png"
"548773","Simply Sugar Free Sugar Syrup - 1 Litre","082907SUGUR_SYRUP_SF.png"
"547641","Simply Sugar Free Vanilla Syrup - 1 Litre","030928Simply-Vanilla-Sugar-Free-Coffee-Syrup.jpg"
"547585","Simply Sugar Syrup - 1 Litre","100447Simply-Sugar-Coffee-Syrup.jpg"
"537098","Simply Syrup - Chocolate Mint","125630simplu1.jpg"
"537091","Simply Syrup - Christmas Pudding","125630simplu1.jpg"
"537093","Simply Syrup - Cinnamon - 1 Ltr","125630simplu1.jpg"
"537097","Simply Syrup - Gingerbread - 1 Ltr","125630simplu1.jpg"
"537095","Simply Syrup - Toasted Marshmallow  - 1 Ltr","125630simplu1.jpg"
"531869","Simply Syrups - Fruit Flavours - 1 Ltr","125630simplu1.jpg,110104simply_flavours_2.png"
"535676","Simply Syrups - Sugar Free Range - 1 Ltr","125050Simply-Sugar-Free-Syrups11.jpg"
"531679","Simply Thick Gourmet Sauces 1.9 Ltr","111233sweetbird_sauces11.jpg"
"547588","Simply Toasted Marshmallow Syrup - 1 Litre","100531Simply-Toasted-Marshmallow-Coffee-Syrup.jpg"
"548750","Simply Toffee Frappe Mix 1.75 KG","011029Simply-Toffee-Frappe.jpg"
"551101","Simply Toppings - Diced Caramel Topping x 500g","015552diced-caramel-big.png"
"551100","Simply Toppings - Golden Pearls x 500g","015552gold-pearls-big.png"
"547590","Simply Tropical Fruits Syrup - 1 Litre","100531Simply-Tropical-Fruits-Coffee-Syrup.jpg"
"531828","Simply Vanilla Chai Latte 1 KG","103808simly_chai_vanilla.jpg"
"548754","Simply Vanilla Frappe Mix 1.75 KG","011029Simply-Vanilla-Frappe.jpg"
"551167","Simply Vanilla ORGANIC Coffee Syrup - 1 Litre","082817Organic_VANILLA_1ltr.png"
"547592","Simply Vanilla Syrup - 1 Litre","100531Simply-Vanilla-Coffee-Syrup.jpg"
"551157","Simply Violet Syrup - 1 Litre","082909VIOLET_1LTR.png"
"547594","Simply Watermelon Syrup - 1 Litre","100531Simply-Watermelon-Coffee-Syrup.jpg"
"535781","Simply White Chocolate Frappe Mix 1.75 KG","110906WhiteChoc_Frappe11.jpg"
"547597","Simply White Chocolate Syrup - 1 Litre","100531Simply-White-Chocolate-Coffee-Syrup.jpg"
"544040","Simply Winter Warmers 1 Ltr","110028Simply-Winter-Warmers.jpg"
"531678","Smaller Packs Of Coffee","112140PureGusto-Beans11.jpg"
"534893","Soup & Porridge Pots & Lids","030712soup_cup11.jpg"
"531611","Stainless Chocolate Shaker With Handle","102454stainless_choc_shaker111.gif"
"531840","Stainless Milk Foaming Jug","110256foaming_jug.jpg"
"531729","Stainless Steel Knockout Drawer","110524stainless_steel_knockout_drawer.jpg"
"531626","Stainless Steel Whisk","110524stainless_steel_whisk.jpg"
"531668","Strawberry & Banana Smoothie Mix - 1 Ltr","094755stawberry_banana_smoothie.jpg"
"531664","Strawberry Smoothie Mix - 1 Ltr","094755stawberry_smoothie.jpg"
"546576","Sub Product 1","113116coffee_bean_button.jpg"
"546585","Sub Product 10","113116coffee_bean_button.jpg"
"546577","Sub Product 2","113116coffee_bean_button.jpg"
"546578","Sub Product 3","113116coffee_bean_button.jpg"
"546579","Sub Product 4","113116coffee_bean_button.jpg"
"546580","Sub Product 5","113116coffee_bean_button.jpg"
"546581","Sub Product 6","113116coffee_bean_button.jpg"
"551145","sub product 7","113116coffee_bean_button.jpg"
"546582","Sub Product 7","113116coffee_bean_button.jpg"
"546583","Sub Product 8","113116coffee_bean_button.jpg"
"546584","Sub Product 9","113116coffee_bean_button.jpg"
"531667","Summer Fruits Smoothie Mix - 1 Ltr","094421SummerFruit-Smoothie-IB1111.jpg"
"547292","Sweetbird Almond Syrup - 1 Litre","010300Sweetbird-Almond-Coffee-Syrup.png"
"547295","Sweetbird Amaretto Syrup - 1 Litre","010300Sweetbird-Amaretto-Coffee-Syrup.png"
"547324","Sweetbird Banana Syrup - 1 litre","010300Sweetbird-Banana-Coffee-Syrup.png"
"547296","Sweetbird Butterscotch Syrup - 1 Litre","010300Sweetbird-Butterscotch-Coffee-Syrup.png"
"547298","Sweetbird Cane Sugar Syrup - 1 Litre","010300Sweetbird-Cane-Sugar-Coffee-Syrup.png"
"547300","Sweetbird Caramel Syrup - 1 Litre","010300Sweetbird-Caramel-Coffee-Syrup.png"
"547301","Sweetbird Chai Syrup - 1 Litre","010300Sweetbird-Chai-Coffee-Syrup.png"
"547325","Sweetbird Cherry Syrup - 1 Litre","010300Sweetbird-Cherry-Coffee-Syrup.png"
"547303","Sweetbird Chocolate Syrup - 1 Litre","010624Sweetbird-Chocolate-Coffee-Syrup.png"
"547305","Sweetbird Cinnamon Syrup - 1 Litre","010624Sweetbird-Cinnamon-Coffee-Syrup.png"
"547306","Sweetbird Coconut Syrup - 1 Litre","010624Sweetbird-Coconut-Coffee-Syrup.png"
"547737","Sweetbird Cucumber and Mint Iced Green Tea Syrup - 1 Litre","120055Sweetbird-Cucumber-And-Mint-Iced-Green-Tea-Coffee-Syrup.png"
"547307","Sweetbird Eggnog Syrup - 1 Litre","010624Sweetbird-Eggnog-Coffee-Syrup.png"
"547308","Sweetbird English Toffee Syrup - 1 Litre","010624Sweetbird-English-Toffee-Coffee-Syrup.png"
"547309","Sweetbird French Vanilla Syrup - 1 Litre","010624Sweetbird-French_-Vanilla-Coffee-Syrup.png"
"547310","Sweetbird Fudge Syrup - 1 Litre","010624Sweetbird-Gingerbread-Coffee-Syrup.png"
"547311","Sweetbird Gingerbread Syrup - 1 Litre","010624Sweetbird-Gingerbread-Coffee-Syrup.png"
"547312","Sweetbird Hazelnut Syrup - 1 litre","011102Sweetbird-Hazelnut-Coffee-Syrup.png"
"549068","Sweetbird Honeycomb Syrup - 1 Litre","091814Sweetbird-Honeycomb-Coffee-Syrup.jpg.jpg"
"547739","Sweetbird Iced Original Tea Syrup - 1 Litre","120055Sweetbird-Iced-Tea-Coffee-Syrup.png"
"531624","Sweetbird Iced Teas & Chai","111233sweetbird_iced_teas11.jpg"
"547313","Sweetbird Irish Cream Syrup - 1 Litre","011103Sweetbird-Irish-Cream-Coffee-Syrup.png"
"547742","Sweetbird Jasmine And Lime Iced Tea Syrup - 1 Litre","120056Sweetbird-Jasmine-Lime-Iced-Tea-Coffee-Syrup.png"
"547714","Sweetbird Lemonade Syrup - 1 Litre","011103Sweetbird-Lemonade-Coffee-Syrup11.png"
"547327","Sweetbird Lime Syrup - 1 Litre","011102Sweetbird-Lime-Coffee-Syrup.png"
"547314","Sweetbird Mint Syrup - 1 Litre","011102Sweetbird-Mint-Coffee-Syrup11.jpg"
"547328","Sweetbird Orange Syrup - 1 litre","011103Sweetbird-Orange-Coffee-Syrup.png"
"547743","Sweetbird Passion Fruit And Lemon Iced Tea Syrup - 1 Litre","122133Sweetbird-Passion-Fruit-Lemon-Iced-Tea-Coffee-Syrup.png"
"547745","Sweetbird Peach Iced Tea Syrup - 1 Litre","120056Sweetbird-Peach-Iced-Tea-Coffee-Syrup.png"
"547331","Sweetbird Peach Syrup - 1 Litre","011104Sweetbird-Peach-Coffee-Syrup.png"
"547315","Sweetbird Peanut Butter Syrup - 1 Litre","014945Sweetbird-Peanut-Coffee-Syrup.png"
"547717","Sweetbird Pink Grapefruit Syrup - 1 Litre","011604Sweetbird-Pink-Grapefruit-Coffee-Syrup11.png"
"547316","Sweetbird Pumpkin Spice Syrup - 1 litre","011605Sweetbird-Pumpkin-Spice-Coffee-Syrup.png"
"547718","Sweetbird Raspberry & Pomegranate Syrup - 1 Litre","033823Sweetbird-Raspberry-And-Pomegranate-Coffee-Syrup.png"
"547747","Sweetbird Raspberry Iced Tea Syrup - 1 Litre","120055Sweetbird-Raspberry-Iced-Tea-Coffee-Syrup.png"
"547332","Sweetbird Raspberry Syrup - 1 Litre","011605Sweetbird-Raspberry-Coffee-Syrup.png"
"551169","Sweetbird Rhubarb Syrup - 1 Litre","033236Rhubarb-bottle-website.png"
"547318","Sweetbird Salted Caramel Syrup - 1 Litre","011605Sweetbird-Salted_Caramel-Coffee-Syrup.png"
"547317","Sweetbird Smores Syrup - 1 Litre","011604Sweetbird-Smores-Coffee-Syrup.png"
"551385","Sweetbird Speculoos Syrup - 1 Litre","111316SWEETBIRD-SPECULOOS.jpg"
"547333","Sweetbird Strawberry Syrup - 1 Litre","011605Sweetbird-Strawberry-Coffee-Syrup.png"
"547723","Sweetbird Sugar Free Caramel Syrup - 1 Litre","033822Sweetbird-Sugar-Free-Caramel-Coffee-Syrup.png"
"547724","Sweetbird Sugar Free Gingerbread Syrup - 1 Litre","034003Sweetbird-Sugar-Free-Gingerbread-Coffee-Syrup.png"
"547727","Sweetbird Sugar Free Hazelnut Syrup - 1 Litre","033822Sweetbird-Sugar-Free-Hazelnut-Coffee-Syrup.png"
"551174","Sweetbird Sugar Free Peach Iced Tea Syrup - 1 Litre","033236Sweetbird_SF_peach_iced_tea.jpg"
"551175","Sweetbird Sugar Free Raspberry Iced Tea Syrup - 1 Litre","090156sweetbird_SF_Raspberry_Iced_Tea.jpg"
"551171","Sweetbird Sugar Free Salted Caramel Syrup - 1 Litre","090155sweetbird_SF_Salted_Caramel.jpg"
"547728","Sweetbird Sugar Free Vanilla Syrup - 1 Litre","011710Sweetbird-Vanilla-Sugar-Free-Coffee-Syrup.png"
"537073","Sweetbird Syrups - Coffee Flavours - 1 Ltr","034459sweetbird_coffee.jpg"
"537074","Sweetbird Syrups - Fruit Flavours - 1 Ltr","035402sweetbird_fruit11.jpg"
"537075","Sweetbird Syrups - Sugar Free Range - 1 Ltr","034937sweetbird_sugar_free.jpg"
"547319","Sweetbird Toasted Marshmallow Syrup - 1 Litre","011605Sweetbird-Toasted-Marshmallow-Coffee-Syrup.png"
"547320","Sweetbird Toffee Apple Syrup - 1 Litre","015409Sweetbird-Toasted-Apple-Coffee-Syrup.png"
"551386","Sweetbird Toffee Nut Syrup - 1 Litre","111316SWEETBIRD-TOFFEE-NUT.jpg"
"547321","Sweetbird Vanilla Syrup - 1 Litre","011606Sweetbird-Vanilla-Coffee-Syrup.png"
"547748","Sweetbird Watermelon Iced Tea Syrup - 1 Litre","120055Sweetbird-Watermelon-Iced-Tea-Coffee-Syrup.png"
"547322","Sweetbird White Chocolate Syrup - 1 Litre","011710Sweetbird-White-Chocolate-Coffee-Syrup.png"
"531822","Swirl Design Take Out Cups & Lids","103232swirl_cups1111.jpg,094757Swirl-Paper-Cups-Range.jpg"
"531719","Swiss Water Decaffeinated Filter Coffee Sachets","050945Great-Taste-Filter1.jpg"
"531855","Swizzle Sugar Sticks x 100","032331swizzle_sticks.jpg"
"531825","Syrup Pumps","042926syrup_pump.jpg"
"537133","Tate & Lyle Zucro Sweetener Sachets x 1000","032331candarel1.jpg"
"550004","Tate & Lyle Zucro Sweetener Sticks x 1000","122517ZUCRO_SWEETNER_STICKS.jpg"
"531708","Tazza Latte Glasses","014353tazza_latte_glasses.jpg"
"531943","Tea / Coffee Whitener 10 x 500g","103139whitener111.jpg"
"548807","test product1",""
"543129","Tetley Decaf Tea x 440 - Great Taste Award Winner","114114Tetley_Decaf_Tea_440s.jpg"
"551499","Tetley Drawstring Tea Bags x 100","040229TETLEY-SQUEEZE.jpg"
"531747","Tetley Tea Bags 1100 Pack","010145tetley11.jpg"
"531622","Thick Pro Rubber Tamping Mat","110620tamper_mat11.jpg"
"531960","Toppings Pack","120331shakes_topping_pack.jpg"
"548551","Twinings  Strawberry & Cucumber SuperBlend Tea Bags","013018Twinings-Glow.jpg"
"548115","Twinings Blackcurrant & Blueberry","084154Twinings-Blackcurrant-Blueberry-Tea.jpg"
"550041","Twinings Cherry Bake well Green Tea","031850TWININGS_CHERRY_BAKEWELL.jpg"
"548777","Twinings Cold Infuse - Blueberry, Apple & Blackcurrant x 25","110513Twinings-Blueberry-Apple-Blackcurrant.jpg"
"548776","Twinings Cold Infuse - Passionfruit, Mango & Blood Orange x 25","110513Twinings-Passionfruit-Bloodorange.jpg"
"548778","Twinings Cold Infuse - Watermelon, Strawberry & Mint x 25","110513Twinings-Watermelon-Mint-Strawberry.jpg"
"531751","Twinings Cranberry & Raspberry Infusion","124304cranberry_and_raspberry.jpg"
"531620","Twinings Darjeeling Tea","124304darjeeling1111111.jpg"
"531606","Twinings Decaf Tea x 20","124304decaf1111.jpg"
"531617","Twinings Earl Grey Tea","124304earl_grey_100s.png"
"538837","Twinings Everyday Tea Bags","124305everyday_100s4.jpg"
"545996","Twinings Everyday Tea Bags x 1200","024428Twinings-Everyday-1200.jpg"
"543899","Twinings Fruit & Herbal Mixed Selections x 50","110942Twinings-Fruit-Herbal-Selection-Boxes-Triple1.jpg"
"550155","Twinings Fruit Selection Teas x 20","123403TWININGS-FRUIT-SELECTION.jpg"
"536665","Twinings Green Tea & Gingerbread","022755gingerbread.jpg"
"534900","Twinings Green Tea & Jasmine","105252green_jasmine.jpg"
"536666","Twinings Green Tea & Salted Caramel","022755salted_caramel.jpg"
"531753","Twinings Lemon & Ginger","124455lemon_and_ginger.jpg"
"539899","Twinings Loose Leaf Pyramid - Caramel Redbush","115021Apple_&_ElderFlower_-_Pyramid.png"
"539896","Twinings Loose Leaf Pyramid - Super fruity","115021Apple_&_ElderFlower_-_Pyramid.png"
"548552","Twinings MATCHA SuperBlend Tea Bags","013019Twinings-Matcha.jpg"
"531618","Twinings Pure Assam Tea","124304assam11.jpg"
"531607","Twinings Pure Camomile Infusion","124304chamomile.jpg"
"531752","Twinings Pure Green Tea","124454green_tea.png"
"531750","Twinings Pure Peppermint Infusion","124455peppermint.jpg"
"551096","Twinings Redbush","110901TWININGS-REDBUSH.jpg"
"549077","Twinings Strawberry & Raspberry Infusion Tea","015157Twinings-Strawberry-Raspberry.jpg"
"531608","Twinings Traditional English Breakfast Tea","124455traditional_english_100s.jpg"
"551240","Twinings TURMERIC SuperBlend Tea Bags","015651twinings_turmeric.jpg"
"538863","Twinings Wooden Tea Chest - 12 Slot","110423Twinings-Wood-Box-Closed.png,110420Twinings-Wood-Box-Open1.jpg"
"551264","Ultimate Eco Friendly Bamboo Coffee Cups - Biodegradable & Compostable Cups","093711BAMBOO_BIO_CUP.jpg,095637ultimate-bamboo-group1.jpg"
"531889","Utopia Coffee Mugs","014353utopia_mugs.jpg"
"544257","Van Houten Single Origin Tanzanian Hot Chocolate 750g","020729Bensdorp-Peruvian-Chocolate1111.jpg"
"540218","Van Houten Special Bar Chocolate 1 KG","040129Van_Houten_Special_Bar_Chocolate.jpg"
"545909","Van Houten White Hot Chocolate Drink 750g","104432Van-Houten-White-Hot-Chocolate.jpg"
"531675","Venezia Italian ShortBread Biscuits x 500","123900venezia_biscuits1111.jpg"
"531715","Vienna Filter Coffee Sachets x 50","124951PureGusto-Filter-Coffee.jpg"
"539449","White Dispenser Napkins x 3000","104907Dispenser_Napkins.jpg"
"531625","White Paper Napkins 33cm x 100","103233white_napkins.jpg"
"539433","White Sugar Sachets x 1000","034100White_Sugar_Sachets11.jpg"
"531850","Whole Milk Pots x 120","030619millac_whole11.jpg"
"546334","WMF 1100S Bean To Cup Coffee Machine","035538WMF-1100S-COLOUR-RANGE.png,033930WMF-1100S-Coffee-Machine.jpg"
"531877","WMF 1200S Bean To Cup Coffee Machine","094244wmf_1200s11.jpg"
"531680","WMF 1500S Classic Bean To Cup Coffee Machine","094244wmf_presto11.jpg,094244wmf_presto_2nd_image11.jpg"
"551144","WMF 5000 S Plus Coffee Machine","113549WMF_5000S_main.png,113549wmf_coffee_machines_5000splus.jpg"
"531758","WMF 5000S Bean To Cup Coffee Machine","061258WMF-5000S-Side-View.jpg,061259WMF-5000S-Chiller.jpg,095307wmf_2000s11.jpg"
"550031","WMF 9000S Plus Coffee Machine","105029wmf-kaffeevollautomat-9000splus_3.jpg"
"550040","WMF Cleaning Tablets - 100 x 1.3g","013431WMF-CLEANING__FILTRATION-POWDER-TABLETS.jpg"
"550038","WMF Liquid Descaling - 750ml","011308WMF-descaling.jpg"
"547420","WMF Milk Cleaning Fluid - 1 Litre","022823WMF_Milk_Cleaning.png"
"550039","WMF Special Milk Cleaning Tablets - 100 Tablets","013431WMF-CLEANING_POWDER-TABLETS.jpg"
"531574","WMF Water Filter","091920wmf_bestmax_water_filter.jpg,114036wmf_cleaning1.jpg"
"531795","Wooden Coffee Stirrers","103233wooden_coffee_stirrers1111.jpg"
"537265","XMAS Pattern Double Wall Christmas Cups - Cancer Research Support","111950Xmas_Cups111.jpg"
"541481","YumCha Earl Grey Iced Tea","035029Yumcha-Earl-Grey-Iced-Tea.jpg"
"549072","Zuma Chocolate Sprinkler","090852Zuma-Hot-Chocolate-Shaker1111.jpg"
"536975","Zuma Dark FairTrade Hot Chocolate Powder 2 KG","030314zuma_fair_trade11.jpg"
"540385","Zuma Gold Dust Sprinkler","021416Zuma-Gold-Dust-Scene.jpg,021416Zuma-Gold-Dust.jpg"
"544243","Zuma Original Hot Chocolate Bags 1 KG","095019Zuma-Original-Chocolate-Bags.jpg"
"531688","Zuma Original Hot Chocolate Powder 2 KG","120331zuma_original_hot_chocolate.jpg"
"531603","Zuma Spiced Chai Tin 1 KG","113819zuma_spiced_chai1111.jpg"
"531761","Zuma Sweetbird Caffe Frappe Mix 2 KG","124749zuma_caffe_frappe.png"
"531692","Zuma Sweetbird Chocolate Frappe Mix 2 KG","124749zuma_chocolate_frappe11.png"
"535338","Zuma Sweetbird Cookies & Cream Frappe Mix 2 KG","105721cookie.png"
"531655","Zuma Sweetbird Mocha Frappe Mix 2 KG","124749zuma_mocha_frappe11.png"
"531694","Zuma Sweetbird Sticky Toffee Frappe Mix 2 KG","124749zuma_sticky_toffee_frappe11.png"
"531693","Zuma Sweetbird Vanilla Bean Non-Dairy Frappe Mix 2 KG","124749zuma_vanilla_frappe.png"
"538926","Zuma Sweetbird Yoghurt Frappe Mix 2 KG","052518Zuma-Yoghurt-Frappe11.png"
"531914","Zuma Vanilla Chai Tin 1 KG","113819zuma_vanilla_chai.jpg"
"531937","Zuma White Hot Chocolate 2 KG","120332zuma_white_hot_chocolate11111.jpg"
