"Product Id","Product Name","URL"
"549077","twinings-strawberry-raspberry-infusion-tea","https://www.puregusto.co.uk/twinings-strawberry-raspberry-infusion-tea-p549077.html"
"536811","lavazza-pavement-sign","https://www.puregusto.co.uk/lavazza-pavement-sign-p536811.html"
"539447","glaceau-smart-water-24-x-600ml","https://www.puregusto.co.uk/glaceau-smart-water-24-x-600ml-p539447.html"
"536808","lavazza-white-sugar-sticks-x-1000","https://www.puregusto.co.uk/lavazza-white-sugar-sticks-x-1000-p536808.html"
"536815","lavazza-cappuccino-cups-saucers-x-6","https://www.puregusto.co.uk/lavazza-cappuccino-cups-saucers-x-6-p536815.html"
"536816","lavazza-colazione-cups-saucers-x-6","https://www.puregusto.co.uk/lavazza-colazione-cups-saucers-x-6-p536816.html"
"538208","puregusto-signature-great-taste-award-ese-pods-x-100","https://www.puregusto.co.uk/puregusto-signature-great-taste-award-ese-pods-x-100-p538208.html"
"536974","puregusto-arabica-origins-variety-pack-ese-coffee-pods-x-100","https://www.puregusto.co.uk/puregusto-arabica-origins-variety-pack-ese-coffee-pods-x-100-p536974.html"
"536975","zuma-dark-fairtrade-hot-chocolate-powder-2-kg","https://www.puregusto.co.uk/zuma-dark-fairtrade-hot-chocolate-powder-2-kg-p536975.html"
"537265","xmas-pattern-double-wall-christmas-cups-cancer-research-support","https://www.puregusto.co.uk/xmas-pattern-double-wall-christmas-cups-cancer-research-support-p537265.html"
"536976","motta-latte-art-pen","https://www.puregusto.co.uk/motta-latte-art-pen-p536976.html"
"536977","motta-lattiera-deluxe-foaming-jug","https://www.puregusto.co.uk/motta-lattiera-deluxe-foaming-jug-p536977.html"
"536772","classic-creem-choc-10-x-1-kilo","https://www.puregusto.co.uk/classic-creem-choc-10-x-1-kilo-p536772.html"
"536774","lavazza-crema-aroma-blue-coffee-beans-6kg","https://www.puregusto.co.uk/lavazza-crema-aroma-blue-coffee-beans-6kg-p536774.html"
"538584","aromo-sumatra-62mm-senseo-compatible-coffee-pods","https://www.puregusto.co.uk/aromo-sumatra-62mm-senseo-compatible-coffee-pods-p538584.html"
"536809","lavazza-brown-sugar-sticks-x-1000","https://www.puregusto.co.uk/lavazza-brown-sugar-sticks-x-1000-p536809.html"
"531593","cafelat-knock-box-stainless-steel","https://www.puregusto.co.uk/cafelat-knock-box-stainless-steel-p531593.html"
"548595","guarana-cacao-latte-powder","https://www.puregusto.co.uk/guarana-cacao-latte-powder-p548595.html"
"538756","milfresh-silver-granulated-milk-10-x-500g","https://www.puregusto.co.uk/milfresh-silver-granulated-milk-10-x-500g-p538756.html"
"546102","puregusto-ese-coffee-pods-honduras-arabica-x-100-unwrapped","https://www.puregusto.co.uk/puregusto-ese-coffee-pods-honduras-arabica-x-100-unwrapped-p546102.html"
"551100","simply-toppings-golden-pearls-x-500g","https://www.puregusto.co.uk/simply-toppings-golden-pearls-x-500g-p551100.html"
"547414","simply-passion-fruit-puree-1-litre","https://www.puregusto.co.uk/simply-passion-fruit-puree-1-litre-p547414.html"
"537132","cinnamon-sticks-star-anise","https://www.puregusto.co.uk/cinnamon-sticks-star-anise-p537132.html"
"540210","hot-chocolate-dispenser-5-litre","https://www.puregusto.co.uk/hot-chocolate-dispenser-5-litre-p540210.html"
"540218","van-houten-special-bar-chocolate-1-kg","https://www.puregusto.co.uk/van-houten-special-bar-chocolate-1-kg-p540218.html"
"538868","pureshakes-caramel-macchiato-shake-mix-1-kg","https://www.puregusto.co.uk/pureshakes-caramel-macchiato-shake-mix-1-kg-p538868.html"
"550170","biodegradable-water-cones-x-5000","https://www.puregusto.co.uk/biodegradable-water-cones-x-5000-p550170.html"
"547458","simply-cinnamon-syrup-1-litre","https://www.puregusto.co.uk/simply-cinnamon-syrup-1-litre-p547458.html"
"548917","byron-bay-gluten-free-wrapped-cookies-dotty","https://www.puregusto.co.uk/byron-bay-gluten-free-wrapped-cookies-dotty-p548917.html"
"547363","monin-syrups-chocolate-1-litre","https://www.puregusto.co.uk/monin-syrups-chocolate-1-litre-p547363.html"
"536665","twinings-green-tea-gingerbread","https://www.puregusto.co.uk/twinings-green-tea-gingerbread-p536665.html"
"540951","birchall-peppermint-prism-tea-bags","https://www.puregusto.co.uk/birchall-peppermint-prism-tea-bags-p540951.html"
"538888","dinkum-cappuccino-cool-mix-125-kg","https://www.puregusto.co.uk/dinkum-cappuccino-cool-mix-125-kg-p538888.html"
"550180","franke-a600-bean-to-cup-machine","https://www.puregusto.co.uk/franke-a600-bean-to-cup-machine-p550180.html"
"547420","wmf-milk-cleaning-fluid-1-litre","https://www.puregusto.co.uk/wmf-milk-cleaning-fluid-1-litre-p547420.html"
"547469","simply-gingerbread-syrup-1-litre","https://www.puregusto.co.uk/simply-gingerbread-syrup-1-litre-p547469.html"
"551241","bronte-traditional-biscuit-twin-packs-x-80-packs","https://www.puregusto.co.uk/bronte-traditional-biscuit-twin-packs-x-80-packs-p551241.html"
"547327","sweetbird-lime-syrup-1-litre","https://www.puregusto.co.uk/sweetbird-lime-syrup-1-litre-p547327.html"
"547328","sweetbird-orange-syrup-1-litre","https://www.puregusto.co.uk/sweetbird-orange-syrup-1-litre-p547328.html"
"551481","horlicks-instant-hot-malty-goodness-400g","https://www.puregusto.co.uk/horlicks-instant-hot-malty-goodness-400g-p551481.html"
"546576","sub-product-1","https://www.puregusto.co.uk/sub-product-1-p546576.html"
"546577","sub-product-2","https://www.puregusto.co.uk/sub-product-2-p546577.html"
"546578","sub-product-3","https://www.puregusto.co.uk/sub-product-3-p546578.html"
"546579","sub-product-4","https://www.puregusto.co.uk/sub-product-4-p546579.html"
"546580","sub-product-5","https://www.puregusto.co.uk/sub-product-5-p546580.html"
"546581","sub-product-6","https://www.puregusto.co.uk/sub-product-6-p546581.html"
"544243","zuma-original-hot-chocolate-bags-1-kg","https://www.puregusto.co.uk/zuma-original-hot-chocolate-bags-1-kg-p544243.html"
"540891","daelmans-jumbo-caramel-stroop-waffles-x-36","https://www.puregusto.co.uk/daelmans-jumbo-caramel-stroop-waffles-x-36-p540891.html"
"547479","simply-honeycomb-syrup-1-litre","https://www.puregusto.co.uk/simply-honeycomb-syrup-1-litre-p547479.html"
"548719","birchall-loose-leaf-tea-virunga-earl-grey-250g","https://www.puregusto.co.uk/birchall-loose-leaf-tea-virunga-earl-grey-250g-p548719.html"
"551240","twinings-turmeric-superblend-tea-bags","https://www.puregusto.co.uk/twinings-turmeric-superblend-tea-bags-p551240.html"
"551385","sweetbird-speculoos-syrup-1-litre","https://www.puregusto.co.uk/sweetbird-speculoos-syrup-1-litre-p551385.html"
"546565","isi-professional-chargers-extra-capacity-x-50","https://www.puregusto.co.uk/isi-professional-chargers-extra-capacity-x-50-p546565.html"
"549072","zuma-chocolate-sprinkler","https://www.puregusto.co.uk/zuma-chocolate-sprinkler-p549072.html"
"547468","simply-french-vanilla-syrup-1-litre","https://www.puregusto.co.uk/simply-french-vanilla-syrup-1-litre-p547468.html"
"547510","simply-lime-syrup-1-litre","https://www.puregusto.co.uk/simply-lime-syrup-1-litre-p547510.html"
"535384","classic-blend-filter-coffee-sachets","https://www.puregusto.co.uk/classic-blend-filter-coffee-sachets-p535384.html"
"550031","wmf-9000s-plus-coffee-machine","https://www.puregusto.co.uk/wmf-9000s-plus-coffee-machine-p550031.html"
"548372","simply-candy-floss-syrup-1-litre","https://www.puregusto.co.uk/simply-candy-floss-syrup-1-litre-p548372.html"
"548378","birchall-loose-leaf-tea-great-rift-250g","https://www.puregusto.co.uk/birchall-loose-leaf-tea-great-rift-250g-p548378.html"
"548389","birchall-loose-leaf-tea-great-rift-decaf-250g","https://www.puregusto.co.uk/birchall-loose-leaf-tea-great-rift-decaf-250g-p548389.html"
"550040","wmf-cleaning-tablets-100-x-13g","https://www.puregusto.co.uk/wmf-cleaning-tablets-100-x-13g-p550040.html"
"547450","simply-butterscotch-syrup-1-litre","https://www.puregusto.co.uk/simply-butterscotch-syrup-1-litre-p547450.html"
"547451","simply-caramel-syrup-1-litre","https://www.puregusto.co.uk/simply-caramel-syrup-1-litre-p547451.html"
"547331","sweetbird-peach-syrup-1-litre","https://www.puregusto.co.uk/sweetbird-peach-syrup-1-litre-p547331.html"
"547460","simply-creme-brulee-syrup-1-litre","https://www.puregusto.co.uk/simply-creme-brulee-syrup-1-litre-p547460.html"
"547461","simply-cupcake-syrup-1-litre","https://www.puregusto.co.uk/simply-cupcake-syrup-1-litre-p547461.html"
"549089","byron-bay-cookies-rocky-road-x-6","https://www.puregusto.co.uk/byron-bay-cookies-rocky-road-x-6-p549089.html"
"547459","simply-coconut-syrup-1-litre","https://www.puregusto.co.uk/simply-coconut-syrup-1-litre-p547459.html"
"547455","simply-chocolate-syrup-1-litre","https://www.puregusto.co.uk/simply-chocolate-syrup-1-litre-p547455.html"
"547472","simply-hazelnut-syrup-1-litre","https://www.puregusto.co.uk/simply-hazelnut-syrup-1-litre-p547472.html"
"547470","simply-green-apple-syrup-1-litre","https://www.puregusto.co.uk/simply-green-apple-syrup-1-litre-p547470.html"
"547471","simply-grenadine-syrup-1-litre","https://www.puregusto.co.uk/simply-grenadine-syrup-1-litre-p547471.html"
"547480","simply-irish-cream-syrup-1-litre","https://www.puregusto.co.uk/simply-irish-cream-syrup-1-litre-p547480.html"
"531603","zuma-spiced-chai-tin-1-kg","https://www.puregusto.co.uk/zuma-spiced-chai-tin-1-kg-p531603.html"
"548592","golden-turmeric-latte-powder","https://www.puregusto.co.uk/golden-turmeric-latte-powder-p548592.html"
"540953","birchall-green-tea-peach-prism-tea-bags","https://www.puregusto.co.uk/birchall-green-tea-peach-prism-tea-bags-p540953.html"
"540949","birchall-red-berry-flower-prism-tea-bags","https://www.puregusto.co.uk/birchall-red-berry-flower-prism-tea-bags-p540949.html"
"540950","birchall-organic-redbush-prism-tea-bags","https://www.puregusto.co.uk/birchall-organic-redbush-prism-tea-bags-p540950.html"
"540133","puregusto-blue-mountain-ese-coffee-pods-x-100","https://www.puregusto.co.uk/puregusto-blue-mountain-ese-coffee-pods-x-100-p540133.html"
"547412","simply-mango-fruit-puree-1-litre","https://www.puregusto.co.uk/simply-mango-fruit-puree-1-litre-p547412.html"
"531674","blendtec-xpress-ez600-commercial-blender","https://www.puregusto.co.uk/blendtec-xpress-ez600-commercial-blender-p531674.html"
"537098","simply-syrup-chocolate-mint","https://www.puregusto.co.uk/simply-syrup-chocolate-mint-p537098.html"
"547419","simply-banana-puree-1-litre","https://www.puregusto.co.uk/simply-banana-puree-1-litre-p547419.html"
"531607","twinings-pure-camomile-infusion","https://www.puregusto.co.uk/twinings-pure-camomile-infusion-p531607.html"
"538869","pureshakes-choco-mint-milkshake-mix-1-kg","https://www.puregusto.co.uk/pureshakes-choco-mint-milkshake-mix-1-kg-p538869.html"
"549119","puregusto-honduras-peruvian-blend-compostable-nespresso-capsules-x-60","https://www.puregusto.co.uk/puregusto-honduras-peruvian-blend-compostable-nespresso-capsules-x-60-p549119.html"
"547448","simply-blueberry-syrup-1-litre","https://www.puregusto.co.uk/simply-blueberry-syrup-1-litre-p547448.html"
"547449","simply-bubblegum-syrup-1-litre","https://www.puregusto.co.uk/simply-bubblegum-syrup-1-litre-p547449.html"
"551264","ultimate-eco-friendly-bamboo-coffee-cups-biodegradable-compostable-cups","https://www.puregusto.co.uk/ultimate-eco-friendly-bamboo-coffee-cups-biodegradable-compostable-cups-p551264.html"
"538863","twinings-wooden-tea-chest-12-slot","https://www.puregusto.co.uk/twinings-wooden-tea-chest-12-slot-p538863.html"
"531675","venezia-italian-shortbread-biscuits-x-500","https://www.puregusto.co.uk/venezia-italian-shortbread-biscuits-x-500-p531675.html"
"531676","chocolate-dusting-sprinkler","https://www.puregusto.co.uk/chocolate-dusting-sprinkler-p531676.html"
"531677","chocolate-flakes-sprinkler","https://www.puregusto.co.uk/chocolate-flakes-sprinkler-p531677.html"
"531678","smaller-packs-of-coffee","https://www.puregusto.co.uk/smaller-packs-of-coffee-p531678.html"
"531679","simply-thick-gourmet-sauces-19-ltr","https://www.puregusto.co.uk/simply-thick-gourmet-sauces-19-ltr-p531679.html"
"540185","lavazza-grande-ristorazione-coffee-beans-6kg","https://www.puregusto.co.uk/lavazza-grande-ristorazione-coffee-beans-6kg-p540185.html"
"547446","simply-banoffee-syrup-1-litre","https://www.puregusto.co.uk/simply-banoffee-syrup-1-litre-p547446.html"
"547447","simply-blackberry-syrup-1-litre","https://www.puregusto.co.uk/simply-blackberry-syrup-1-litre-p547447.html"
"531605","blendtec-jug-rapid-rinser","https://www.puregusto.co.uk/blendtec-jug-rapid-rinser-p531605.html"
"547444","simply-apricot-syrup-1-litre","https://www.puregusto.co.uk/simply-apricot-syrup-1-litre-p547444.html"
"547445","simply-banana-syrup-1-litre","https://www.puregusto.co.uk/simply-banana-syrup-1-litre-p547445.html"
"548723","birchall-loose-leaf-tea-darjeeling-125g","https://www.puregusto.co.uk/birchall-loose-leaf-tea-darjeeling-125g-p548723.html"
"548751","simply-chocolate-frappe-mix-175-kg","https://www.puregusto.co.uk/simply-chocolate-frappe-mix-175-kg-p548751.html"
"547454","simply-chestnut-praline-syrup-1-litre","https://www.puregusto.co.uk/simply-chestnut-praline-syrup-1-litre-p547454.html"
"547588","simply-toasted-marshmallow-syrup-1-litre","https://www.puregusto.co.uk/simply-toasted-marshmallow-syrup-1-litre-p547588.html"
"536666","twinings-green-tea-salted-caramel","https://www.puregusto.co.uk/twinings-green-tea-salted-caramel-p536666.html"
"550032","lavazza-blue-capsules-ricco-x-100","https://www.puregusto.co.uk/lavazza-blue-capsules-ricco-x-100-p550032.html"
"548752","simply-coffee-frappe-mix-175-kg","https://www.puregusto.co.uk/simply-coffee-frappe-mix-175-kg-p548752.html"
"551034","puregusto-bulletproof-mycotoxin-free-coffee","https://www.puregusto.co.uk/puregusto-bulletproof-mycotoxin-free-coffee-p551034.html"
"538586","aromo-kenyan-62mm-senseo-compatible-coffee-pods","https://www.puregusto.co.uk/aromo-kenyan-62mm-senseo-compatible-coffee-pods-p538586.html"
"551099","olympia-pump-action-airpot-25ltr","https://www.puregusto.co.uk/olympia-pump-action-airpot-25ltr-p551099.html"
"547333","sweetbird-strawberry-syrup-1-litre","https://www.puregusto.co.uk/sweetbird-strawberry-syrup-1-litre-p547333.html"
"547416","simply-raspberry-fruit-puree-1-litre","https://www.puregusto.co.uk/simply-raspberry-fruit-puree-1-litre-p547416.html"
"540952","birchall-green-tea-prism-tea-bags","https://www.puregusto.co.uk/birchall-green-tea-prism-tea-bags-p540952.html"
"548551","twinings-strawberry-cucumber-superblend-tea-bags","https://www.puregusto.co.uk/twinings-strawberry-cucumber-superblend-tea-bags-p548551.html"
"548552","twinings-matcha-superblend-tea-bags","https://www.puregusto.co.uk/twinings-matcha-superblend-tea-bags-p548552.html"
"531608","twinings-traditional-english-breakfast-tea","https://www.puregusto.co.uk/twinings-traditional-english-breakfast-tea-p531608.html"
"551226","simply-cloudy-rhubarb-lemonade-syrup-1-litre","https://www.puregusto.co.uk/simply-cloudy-rhubarb-lemonade-syrup-1-litre-p551226.html"
"551433","lavazza-aroma-piu-coffee-beans-6kg","https://www.puregusto.co.uk/lavazza-aroma-piu-coffee-beans-6kg-p551433.html"
"551235","shmoo-chocolate-mint-milkshake-mix-18-kg","https://www.puregusto.co.uk/shmoo-chocolate-mint-milkshake-mix-18-kg-p551235.html"
"549080","aromo-ese-coffee-pods-buzz-french-roast-x-100-pods","https://www.puregusto.co.uk/aromo-ese-coffee-pods-buzz-french-roast-x-100-pods-p549080.html"
"549081","aromo-ese-coffee-pods-buzz-lite-decaf-french-roast-x-100-pods","https://www.puregusto.co.uk/aromo-ese-coffee-pods-buzz-lite-decaf-french-roast-x-100-pods-p549081.html"
"548720","birchall-loose-leaf-tea-virunga-chai-125g","https://www.puregusto.co.uk/birchall-loose-leaf-tea-virunga-chai-125g-p548720.html"
"547347","jura-stainless-steel-milk-pipe-upgrade-kit","https://www.puregusto.co.uk/jura-stainless-steel-milk-pipe-upgrade-kit-p547347.html"
"531600","kenco-really-rich-vending-coffee-10-x-300g","https://www.puregusto.co.uk/kenco-really-rich-vending-coffee-10-x-300g-p531600.html"
"547324","sweetbird-banana-syrup-1-litre","https://www.puregusto.co.uk/sweetbird-banana-syrup-1-litre-p547324.html"
"547292","sweetbird-almond-syrup-1-litre","https://www.puregusto.co.uk/sweetbird-almond-syrup-1-litre-p547292.html"
"531592","harrogate-bottled-water-sparkling-x-24","https://www.puregusto.co.uk/harrogate-bottled-water-sparkling-x-24-p531592.html"
"531590","cinnamon-coffee-sprinkler","https://www.puregusto.co.uk/cinnamon-coffee-sprinkler-p531590.html"
"535343","lavazza-pienaroma-coffee-beans-6kg","https://www.puregusto.co.uk/lavazza-pienaroma-coffee-beans-6kg-p535343.html"
"531578","byron-bay-accessories","https://www.puregusto.co.uk/byron-bay-accessories-p531578.html"
"531579","belgian-dark-chocolate-shavings-500g","https://www.puregusto.co.uk/belgian-dark-chocolate-shavings-500g-p531579.html"
"531580","cafe-wipez-urnex-cleaning-wipes","https://www.puregusto.co.uk/cafe-wipez-urnex-cleaning-wipes-p531580.html"
"531581","simply-italian-wafers-x-20","https://www.puregusto.co.uk/simply-italian-wafers-x-20-p531581.html"
"537091","simply-syrup-christmas-pudding","https://www.puregusto.co.uk/simply-syrup-christmas-pudding-p537091.html"
"537093","simply-syrup-cinnamon-1-ltr","https://www.puregusto.co.uk/simply-syrup-cinnamon-1-ltr-p537093.html"
"549079","aromo-ese-coffee-pods-boost-x-100-pods","https://www.puregusto.co.uk/aromo-ese-coffee-pods-boost-x-100-pods-p549079.html"
"536945","forlife-stump-tea-pots-18oz","https://www.puregusto.co.uk/forlife-stump-tea-pots-18oz-p536945.html"
"531583","fairtrade-chocolate-sprinkler","https://www.puregusto.co.uk/fairtrade-chocolate-sprinkler-p531583.html"
"531586","byron-bay-cafe-cookies-x-6","https://www.puregusto.co.uk/byron-bay-cafe-cookies-x-6-p531586.html"
"548772","simply-sugar-free-salted-caramel-syrup-1-litre","https://www.puregusto.co.uk/simply-sugar-free-salted-caramel-syrup-1-litre-p548772.html"
"547332","sweetbird-raspberry-syrup-1-litre","https://www.puregusto.co.uk/sweetbird-raspberry-syrup-1-litre-p547332.html"
"547465","simply-eggnog-syrup-1-litre","https://www.puregusto.co.uk/simply-eggnog-syrup-1-litre-p547465.html"
"547467","simply-black-forest-fruits-syrup-1-litre","https://www.puregusto.co.uk/simply-black-forest-fruits-syrup-1-litre-p547467.html"
"551261","lotus-biscoff-squeezy-sauce-1kg","https://www.puregusto.co.uk/lotus-biscoff-squeezy-sauce-1kg-p551261.html"
"546582","sub-product-7","https://www.puregusto.co.uk/sub-product-7-p546582.html"
"546583","sub-product-8","https://www.puregusto.co.uk/sub-product-8-p546583.html"
"546584","sub-product-9","https://www.puregusto.co.uk/sub-product-9-p546584.html"
"546585","sub-product-10","https://www.puregusto.co.uk/sub-product-10-p546585.html"
"547334","biodegradable-wooden-cutlery","https://www.puregusto.co.uk/biodegradable-wooden-cutlery-p547334.html"
"548850","jura-giga-5-coffee-machine","https://www.puregusto.co.uk/jura-giga-5-coffee-machine-p548850.html"
"538591","jura-giga-x8-gen-2-coffee-machine","https://www.puregusto.co.uk/jura-giga-x8-gen-2-coffee-machine-p538591.html"
"540985","birchall-fairtrade-english-breakfast-tea-bags","https://www.puregusto.co.uk/birchall-fairtrade-english-breakfast-tea-bags-p540985.html"
"537097","simply-syrup-gingerbread-1-ltr","https://www.puregusto.co.uk/simply-syrup-gingerbread-1-ltr-p537097.html"
"547325","sweetbird-cherry-syrup-1-litre","https://www.puregusto.co.uk/sweetbird-cherry-syrup-1-litre-p547325.html"
"531574","wmf-water-filter","https://www.puregusto.co.uk/wmf-water-filter-p531574.html"
"531575","puly-grind-grinder-cleaning-crystals","https://www.puregusto.co.uk/puly-grind-grinder-cleaning-crystals-p531575.html"
"531576","pallo-steamy-wanda-cleaning-tool","https://www.puregusto.co.uk/pallo-steamy-wanda-cleaning-tool-p531576.html"
"531577","jura-ena-9-black-aroma","https://www.puregusto.co.uk/jura-ena-9-black-aroma-p531577.html"
"539517","plastic-cups-pint-half-pint-ce","https://www.puregusto.co.uk/plastic-cups-pint-half-pint-ce-p539517.html"
"535781","simply-white-chocolate-frappe-mix-175-kg","https://www.puregusto.co.uk/simply-white-chocolate-frappe-mix-175-kg-p535781.html"
"535676","simply-syrups-sugar-free-range-1-ltr","https://www.puregusto.co.uk/simply-syrups-sugar-free-range-1-ltr-p535676.html"
"537146","seasonal-syrup-pack","https://www.puregusto.co.uk/seasonal-syrup-pack-p537146.html"
"547308","sweetbird-english-toffee-syrup-1-litre","https://www.puregusto.co.uk/sweetbird-english-toffee-syrup-1-litre-p547308.html"
"531591","puly-caff-cleaning-tablets-for-egro-etna-solis-machines","https://www.puregusto.co.uk/puly-caff-cleaning-tablets-for-egro-etna-solis-machines-p531591.html"
"535338","zuma-sweetbird-cookies-cream-frappe-mix-2-kg","https://www.puregusto.co.uk/zuma-sweetbird-cookies-cream-frappe-mix-2-kg-p535338.html"
"535340","lavazza-grand-espresso-coffee-beans-6kg","https://www.puregusto.co.uk/lavazza-grand-espresso-coffee-beans-6kg-p535340.html"
"541091","iberital-intenz-commercial-coffee-machine","https://www.puregusto.co.uk/iberital-intenz-commercial-coffee-machine-p541091.html"
"538585","aromo-colombian-62mm-senseo-compatible-coffee-pods","https://www.puregusto.co.uk/aromo-colombian-62mm-senseo-compatible-coffee-pods-p538585.html"
"535587","cadburys-one-chocolate-1kg","https://www.puregusto.co.uk/cadburys-one-chocolate-1kg-p535587.html"
"547457","simply-christmas-pudding-syrup-1-litre","https://www.puregusto.co.uk/simply-christmas-pudding-syrup-1-litre-p547457.html"
"537741","dart-eps-foam-cups-lids","https://www.puregusto.co.uk/dart-eps-foam-cups-lids-p537741.html"
"547509","simply-lemon-syrup-1-litre","https://www.puregusto.co.uk/simply-lemon-syrup-1-litre-p547509.html"
"537095","simply-syrup-toasted-marshmallow-1-ltr","https://www.puregusto.co.uk/simply-syrup-toasted-marshmallow-1-ltr-p537095.html"
"540436","galaxy-hot-chocolate-sachets-x-100","https://www.puregusto.co.uk/galaxy-hot-chocolate-sachets-x-100-p540436.html"
"547417","simply-strawberry-fruit-puree-1-litre","https://www.puregusto.co.uk/simply-strawberry-fruit-puree-1-litre-p547417.html"
"541090","puregusto-mama-cata-great-taste-award-ese-pods-x-100","https://www.puregusto.co.uk/puregusto-mama-cata-great-taste-award-ese-pods-x-100-p541090.html"
"531672","pla-biodegradable-smoothie-cups-lids","https://www.puregusto.co.uk/pla-biodegradable-smoothie-cups-lids-p531672.html"
"540084","jura-impressa-z6-coffee-machine","https://www.puregusto.co.uk/jura-impressa-z6-coffee-machine-p540084.html"
"531606","twinings-decaf-tea-x-20","https://www.puregusto.co.uk/twinings-decaf-tea-x-20-p531606.html"
"534833","jura-jx8-platinum-coffee-machine","https://www.puregusto.co.uk/jura-jx8-platinum-coffee-machine-p534833.html"
"548782","puregusto-mason-jars-with-handles-x-4-set","https://www.puregusto.co.uk/puregusto-mason-jars-with-handles-x-4-set-p548782.html"
"548783","puregusto-biodegradable-paper-straws-8-inch-x-500","https://www.puregusto.co.uk/puregusto-biodegradable-paper-straws-8-inch-x-500-p548783.html"
"549074","macap-mxa-automatic-coffee-grinder","https://www.puregusto.co.uk/macap-mxa-automatic-coffee-grinder-p549074.html"
"549075","macap-m2d-mini-on-demand-coffee-grinder","https://www.puregusto.co.uk/macap-m2d-mini-on-demand-coffee-grinder-p549075.html"
"549076","mazzer-super-jolly-coffee-grinder","https://www.puregusto.co.uk/mazzer-super-jolly-coffee-grinder-p549076.html"
"543991","lavazza-qualita-rossa-coffee-beans-6kg","https://www.puregusto.co.uk/lavazza-qualita-rossa-coffee-beans-6kg-p543991.html"
"541308","jura-glass-milk-container","https://www.puregusto.co.uk/jura-glass-milk-container-p541308.html"
"547295","sweetbird-amaretto-syrup-1-litre","https://www.puregusto.co.uk/sweetbird-amaretto-syrup-1-litre-p547295.html"
"535663","isi-thermo-whip-whipper-05-litre","https://www.puregusto.co.uk/isi-thermo-whip-whipper-05-litre-p535663.html"
"531588","harrogate-bottled-water-still-x-24","https://www.puregusto.co.uk/harrogate-bottled-water-still-x-24-p531588.html"
"531589","fairtrade-milano-filter-coffee","https://www.puregusto.co.uk/fairtrade-milano-filter-coffee-p531589.html"
"537074","sweetbird-syrups-fruit-flavours-1-ltr","https://www.puregusto.co.uk/sweetbird-syrups-fruit-flavours-1-ltr-p537074.html"
"538885","blendtec-wildside-plus-five-side-jar","https://www.puregusto.co.uk/blendtec-wildside-plus-five-side-jar-p538885.html"
"546037","nescafe-azera-americano-coffee-tin-500g","https://www.puregusto.co.uk/nescafe-azera-americano-coffee-tin-500g-p546037.html"
"548593","beetroot-cacao-latte-powder","https://www.puregusto.co.uk/beetroot-cacao-latte-powder-p548593.html"
"548594","green-matcha-latte-powder","https://www.puregusto.co.uk/green-matcha-latte-powder-p548594.html"
"531599","kenco-really-smooth-vending-coffee-10-x-300g","https://www.puregusto.co.uk/kenco-really-smooth-vending-coffee-10-x-300g-p531599.html"
"537983","cioccolato-suprema-hot-chocolate-2kg","https://www.puregusto.co.uk/cioccolato-suprema-hot-chocolate-2kg-p537983.html"
"537075","sweetbird-syrups-sugar-free-range-1-ltr","https://www.puregusto.co.uk/sweetbird-syrups-sugar-free-range-1-ltr-p537075.html"
"538133","americas-range-new-jersey-blend-6kg","https://www.puregusto.co.uk/americas-range-new-jersey-blend-6kg-p538133.html"
"547452","simply-cheesecake-syrup-1-litre","https://www.puregusto.co.uk/simply-cheesecake-syrup-1-litre-p547452.html"
"547453","simply-cherry-syrup-1-litre","https://www.puregusto.co.uk/simply-cherry-syrup-1-litre-p547453.html"
"540948","birchall-great-rift-breakfast-blend-prism-tea-bags","https://www.puregusto.co.uk/birchall-great-rift-breakfast-blend-prism-tea-bags-p540948.html"
"551001","coffeetek-vitro-x3-bean-to-cup-coffee-machine","https://www.puregusto.co.uk/coffeetek-vitro-x3-bean-to-cup-coffee-machine-p551001.html"
"547694","simply-passion-fruit-and-lemon-iced-tea-syrup-1-litre","https://www.puregusto.co.uk/simply-passion-fruit-and-lemon-iced-tea-syrup-1-litre-p547694.html"
"547594","simply-watermelon-syrup-1-litre","https://www.puregusto.co.uk/simply-watermelon-syrup-1-litre-p547594.html"
"531630","kraft-paper-carry-bags","https://www.puregusto.co.uk/kraft-paper-carry-bags-p531630.html"
"531631","biodegradable-single-wall-coffee-cups-lids","https://www.puregusto.co.uk/biodegradable-single-wall-coffee-cups-lids-p531631.html"
"548115","twinings-blackcurrant-blueberry","https://www.puregusto.co.uk/twinings-blackcurrant-blueberry-p548115.html"
"551096","twinings-redbush","https://www.puregusto.co.uk/twinings-redbush-p551096.html"
"548733","birchall-loose-leaf-tea-red-berry-flower-125g","https://www.puregusto.co.uk/birchall-loose-leaf-tea-red-berry-flower-125g-p548733.html"
"531632","puregusto-sumatra-crema-coffee-pods-x-100","https://www.puregusto.co.uk/puregusto-sumatra-crema-coffee-pods-x-100-p531632.html"
"531617","twinings-earl-grey-tea","https://www.puregusto.co.uk/twinings-earl-grey-tea-p531617.html"
"531618","twinings-pure-assam-tea","https://www.puregusto.co.uk/twinings-pure-assam-tea-p531618.html"
"531619","7oz-plastic-water-cups-x-1000","https://www.puregusto.co.uk/7oz-plastic-water-cups-x-1000-p531619.html"
"531620","twinings-darjeeling-tea","https://www.puregusto.co.uk/twinings-darjeeling-tea-p531620.html"
"531621","fairtrade-white-sugar-sticks-x-1000","https://www.puregusto.co.uk/fairtrade-white-sugar-sticks-x-1000-p531621.html"
"531622","thick-pro-rubber-tamping-mat","https://www.puregusto.co.uk/thick-pro-rubber-tamping-mat-p531622.html"
"531623","signature-great-taste-award-cafetiere-sachets-x-100","https://www.puregusto.co.uk/signature-great-taste-award-cafetiere-sachets-x-100-p531623.html"
"531624","sweetbird-iced-teas-chai","https://www.puregusto.co.uk/sweetbird-iced-teas-chai-p531624.html"
"531625","white-paper-napkins-33cm-x-100","https://www.puregusto.co.uk/white-paper-napkins-33cm-x-100-p531625.html"
"531626","stainless-steel-whisk","https://www.puregusto.co.uk/stainless-steel-whisk-p531626.html"
"531627","puregusto-pure-arabica-coffee-pods-x-100","https://www.puregusto.co.uk/puregusto-pure-arabica-coffee-pods-x-100-p531627.html"
"531628","puregusto-continental-ese-coffee-pods-x-100","https://www.puregusto.co.uk/puregusto-continental-ese-coffee-pods-x-100-p531628.html"
"531629","puregusto-swiss-water-decaf-espresso-pods-x-100","https://www.puregusto.co.uk/puregusto-swiss-water-decaf-espresso-pods-x-100-p531629.html"
"537088","canadian-hot-spiced-apple-drink","https://www.puregusto.co.uk/canadian-hot-spiced-apple-drink-p537088.html"
"531636","byron-bay-cafe-cookie-jar-starter-kit","https://www.puregusto.co.uk/byron-bay-cafe-cookie-jar-starter-kit-p531636.html"
"531609","simply-spiced-chai-latte-1kg","https://www.puregusto.co.uk/simply-spiced-chai-latte-1kg-p531609.html"
"531611","stainless-chocolate-shaker-with-handle","https://www.puregusto.co.uk/stainless-chocolate-shaker-with-handle-p531611.html"
"531612","decaf-cafetiere-500g","https://www.puregusto.co.uk/decaf-cafetiere-500g-p531612.html"
"531614","kenco-decaffeinated-vending-coffee-10-x-300g","https://www.puregusto.co.uk/kenco-decaffeinated-vending-coffee-10-x-300g-p531614.html"
"531667","summer-fruits-smoothie-mix-1-ltr","https://www.puregusto.co.uk/summer-fruits-smoothie-mix-1-ltr-p531667.html"
"531637","dinkum-shmoo-milkshake-starter-kit","https://www.puregusto.co.uk/dinkum-shmoo-milkshake-starter-kit-p531637.html"
"531640","shmoo-banana-milkshake-mix-18-kg","https://www.puregusto.co.uk/shmoo-banana-milkshake-mix-18-kg-p531640.html"
"548718","bravilor-sego-bean-to-cup-coffee-machine","https://www.puregusto.co.uk/bravilor-sego-bean-to-cup-coffee-machine-p548718.html"
"531666","banana-smoothie-mix-1-ltr","https://www.puregusto.co.uk/banana-smoothie-mix-1-ltr-p531666.html"
"550039","wmf-special-milk-cleaning-tablets-100-tablets","https://www.puregusto.co.uk/wmf-special-milk-cleaning-tablets-100-tablets-p550039.html"
"548557","birchall-great-rift-loose-leaf-tea-1kg","https://www.puregusto.co.uk/birchall-great-rift-loose-leaf-tea-1kg-p548557.html"
"531668","strawberry-banana-smoothie-mix-1-ltr","https://www.puregusto.co.uk/strawberry-banana-smoothie-mix-1-ltr-p531668.html"
"541093","gaggia-deco-espresso-machine","https://www.puregusto.co.uk/gaggia-deco-espresso-machine-p541093.html"
"531669","blendtec-connoisseur-825-q-series-blender","https://www.puregusto.co.uk/blendtec-connoisseur-825-q-series-blender-p531669.html"
"537073","sweetbird-syrups-coffee-flavours-1-ltr","https://www.puregusto.co.uk/sweetbird-syrups-coffee-flavours-1-ltr-p537073.html"
"547508","simply-kiwi-syrup-1-litre","https://www.puregusto.co.uk/simply-kiwi-syrup-1-litre-p547508.html"
"531633","renegite-descaler-sachet","https://www.puregusto.co.uk/renegite-descaler-sachet-p531633.html"
"531655","zuma-sweetbird-mocha-frappe-mix-2-kg","https://www.puregusto.co.uk/zuma-sweetbird-mocha-frappe-mix-2-kg-p531655.html"
"531656","fairtrade-tea-bags-1100-pack","https://www.puregusto.co.uk/fairtrade-tea-bags-1100-pack-p531656.html"
"531657","catalina-latte-glasses","https://www.puregusto.co.uk/catalina-latte-glasses-p531657.html"
"531660","birchall-earl-grey-prism-tea-bags","https://www.puregusto.co.uk/birchall-earl-grey-prism-tea-bags-p531660.html"
"531661","shmoo-milk-shake-mixed-case","https://www.puregusto.co.uk/shmoo-milk-shake-mixed-case-p531661.html"
"531663","mango-smoothie-mix-1-ltr","https://www.puregusto.co.uk/mango-smoothie-mix-1-ltr-p531663.html"
"531664","strawberry-smoothie-mix-1-ltr","https://www.puregusto.co.uk/strawberry-smoothie-mix-1-ltr-p531664.html"
"531645","fresh-loose-leaf-teas","https://www.puregusto.co.uk/fresh-loose-leaf-teas-p531645.html"
"531646","nescafe-fairtrade-partners-blend-coffee-500g","https://www.puregusto.co.uk/nescafe-fairtrade-partners-blend-coffee-500g-p531646.html"
"531648","simply-natural-coffee-syrups-starter-kit","https://www.puregusto.co.uk/simply-natural-coffee-syrups-starter-kit-p531648.html"
"531649","drizzle-bottle","https://www.puregusto.co.uk/drizzle-bottle-p531649.html"
"531652","shmoo-vanilla-milkshake-mix-18-kg","https://www.puregusto.co.uk/shmoo-vanilla-milkshake-mix-18-kg-p531652.html"
"531653","milkshake-glasses-x-6","https://www.puregusto.co.uk/milkshake-glasses-x-6-p531653.html"
"531654","cardboard-coffee-cup-clutches","https://www.puregusto.co.uk/cardboard-coffee-cup-clutches-p531654.html"
"531644","milano-cafetiere-sachets-x-100","https://www.puregusto.co.uk/milano-cafetiere-sachets-x-100-p531644.html"
"531641","shmoo-chocolate-milkshake-mix-18-kg","https://www.puregusto.co.uk/shmoo-chocolate-milkshake-mix-18-kg-p531641.html"
"531643","puregusto-colombian-rio-magdalena-coffee-beans-6kg","https://www.puregusto.co.uk/puregusto-colombian-rio-magdalena-coffee-beans-6kg-p531643.html"
"551156","simply-elderflower-syrup-1-litre","https://www.puregusto.co.uk/simply-elderflower-syrup-1-litre-p551156.html"
"547559","simply-pomegranate-syrup-1-litre","https://www.puregusto.co.uk/simply-pomegranate-syrup-1-litre-p547559.html"
"547560","simply-pumpkin-spice-syrup-1-litre","https://www.puregusto.co.uk/simply-pumpkin-spice-syrup-1-litre-p547560.html"
"547562","simply-raspberry-syrup-1-litre","https://www.puregusto.co.uk/simply-raspberry-syrup-1-litre-p547562.html"
"547566","simply-salted-caramel-syrup-1-litre","https://www.puregusto.co.uk/simply-salted-caramel-syrup-1-litre-p547566.html"
"547569","simply-spiced-chai-syrup-1-litre","https://www.puregusto.co.uk/simply-spiced-chai-syrup-1-litre-p547569.html"
"537133","tate-lyle-zucro-sweetener-sachets-x-1000","https://www.puregusto.co.uk/tate-lyle-zucro-sweetener-sachets-x-1000-p537133.html"
"537090","simply-handheld-gourmet-sauces-1kg","https://www.puregusto.co.uk/simply-handheld-gourmet-sauces-1kg-p537090.html"
"540032","crawfords-mini-assortment-packs-x-100","https://www.puregusto.co.uk/crawfords-mini-assortment-packs-x-100-p540032.html"
"539762","lavazza-gran-filtro-filter-coffee","https://www.puregusto.co.uk/lavazza-gran-filtro-filter-coffee-p539762.html"
"548003","simply-original-hot-chocolate-powder-2-kg","https://www.puregusto.co.uk/simply-original-hot-chocolate-powder-2-kg-p548003.html"
"538919","double-coffee-pods-14g-arabica-x-50","https://www.puregusto.co.uk/double-coffee-pods-14g-arabica-x-50-p538919.html"
"551384","rooibos-latte-powder","https://www.puregusto.co.uk/rooibos-latte-powder-p551384.html"
"551383","charcoal-latte-powder","https://www.puregusto.co.uk/charcoal-latte-powder-p551383.html"
"548725","birchall-loose-leaf-tea-green-tea-125g","https://www.puregusto.co.uk/birchall-loose-leaf-tea-green-tea-125g-p548725.html"
"548729","birchall-loose-leaf-tea-jasmine-tea-pearls-75g","https://www.puregusto.co.uk/birchall-loose-leaf-tea-jasmine-tea-pearls-75g-p548729.html"
"548732","birchall-loose-leaf-tea-green-tea-peach-125g","https://www.puregusto.co.uk/birchall-loose-leaf-tea-green-tea-peach-125g-p548732.html"
"548736","birchall-loose-leaf-tea-lemongrass-ginger-125g","https://www.puregusto.co.uk/birchall-loose-leaf-tea-lemongrass-ginger-125g-p548736.html"
"548737","birchall-loose-leaf-tea-organic-redbush-125g","https://www.puregusto.co.uk/birchall-loose-leaf-tea-organic-redbush-125g-p548737.html"
"548750","simply-toffee-frappe-mix-175-kg","https://www.puregusto.co.uk/simply-toffee-frappe-mix-175-kg-p548750.html"
"548753","simply-mocha-frappe-mix-175-kg","https://www.puregusto.co.uk/simply-mocha-frappe-mix-175-kg-p548753.html"
"548754","simply-vanilla-frappe-mix-175-kg","https://www.puregusto.co.uk/simply-vanilla-frappe-mix-175-kg-p548754.html"
"548769","kraft-take-away-deli-boxes","https://www.puregusto.co.uk/kraft-take-away-deli-boxes-p548769.html"
"548770","simply-sugar-free-gingerbread-syrup-1-litre","https://www.puregusto.co.uk/simply-sugar-free-gingerbread-syrup-1-litre-p548770.html"
"548771","simply-sugar-free-amaretto-syrup-1-litre","https://www.puregusto.co.uk/simply-sugar-free-amaretto-syrup-1-litre-p548771.html"
"548773","simply-sugar-free-sugar-syrup-1-litre","https://www.puregusto.co.uk/simply-sugar-free-sugar-syrup-1-litre-p548773.html"
"548774","biodegradable-double-wall-paper-cups","https://www.puregusto.co.uk/biodegradable-double-wall-paper-cups-p548774.html"
"548776","twinings-cold-infuse-passionfruit-mango-blood-orange-x-25","https://www.puregusto.co.uk/twinings-cold-infuse-passionfruit-mango-blood-orange-x-25-p548776.html"
"548777","twinings-cold-infuse-blueberry-apple-blackcurrant-x-25","https://www.puregusto.co.uk/twinings-cold-infuse-blueberry-apple-blackcurrant-x-25-p548777.html"
"548778","twinings-cold-infuse-watermelon-strawberry-mint-x-25","https://www.puregusto.co.uk/twinings-cold-infuse-watermelon-strawberry-mint-x-25-p548778.html"
"548779","blendtec-stealth-895-nbs-blender","https://www.puregusto.co.uk/blendtec-stealth-895-nbs-blender-p548779.html"
"551386","sweetbird-toffee-nut-syrup-1-litre","https://www.puregusto.co.uk/sweetbird-toffee-nut-syrup-1-litre-p551386.html"
"548837","jura-z8-coffee-machine","https://www.puregusto.co.uk/jura-z8-coffee-machine-p548837.html"
"548838","jura-s8-coffee-machine","https://www.puregusto.co.uk/jura-s8-coffee-machine-p548838.html"
"548840","jura-j6-coffee-machine","https://www.puregusto.co.uk/jura-j6-coffee-machine-p548840.html"
"548841","jura-a1-coffee-machine","https://www.puregusto.co.uk/jura-a1-coffee-machine-p548841.html"
"548848","jura-a7-coffee-machine","https://www.puregusto.co.uk/jura-a7-coffee-machine-p548848.html"
"548849","jura-a9-coffee-machine","https://www.puregusto.co.uk/jura-a9-coffee-machine-p548849.html"
"548918","byron-bay-gluten-free-wrapped-cookies-white-choc-chunk-macadamia","https://www.puregusto.co.uk/byron-bay-gluten-free-wrapped-cookies-white-choc-chunk-macadamia-p548918.html"
"548919","byron-bay-gluten-free-wrapped-cookies-triple-choc-fudge","https://www.puregusto.co.uk/byron-bay-gluten-free-wrapped-cookies-triple-choc-fudge-p548919.html"
"531680","wmf-1500s-classic-bean-to-cup-coffee-machine","https://www.puregusto.co.uk/wmf-1500s-classic-bean-to-cup-coffee-machine-p531680.html"
"531682","isi-easy-whip-plus-cream-whipper","https://www.puregusto.co.uk/isi-easy-whip-plus-cream-whipper-p531682.html"
"551447","byron-bay-vegan-gluten-free-wrapped-cookies-maple-and-pecan-x-12","https://www.puregusto.co.uk/byron-bay-vegan-gluten-free-wrapped-cookies-maple-and-pecan-x-12-p551447.html"
"531685","rubber-cleaning-blank-disc","https://www.puregusto.co.uk/rubber-cleaning-blank-disc-p531685.html"
"531688","zuma-original-hot-chocolate-powder-2-kg","https://www.puregusto.co.uk/zuma-original-hot-chocolate-powder-2-kg-p531688.html"
"531689","disposable-coffee-cup-lids","https://www.puregusto.co.uk/disposable-coffee-cup-lids-p531689.html"
"531691","espresso-shot-glass-2oz-lined","https://www.puregusto.co.uk/espresso-shot-glass-2oz-lined-p531691.html"
"531692","zuma-sweetbird-chocolate-frappe-mix-2-kg","https://www.puregusto.co.uk/zuma-sweetbird-chocolate-frappe-mix-2-kg-p531692.html"
"531693","zuma-sweetbird-vanilla-bean-non-dairy-frappe-mix-2-kg","https://www.puregusto.co.uk/zuma-sweetbird-vanilla-bean-non-dairy-frappe-mix-2-kg-p531693.html"
"531694","zuma-sweetbird-sticky-toffee-frappe-mix-2-kg","https://www.puregusto.co.uk/zuma-sweetbird-sticky-toffee-frappe-mix-2-kg-p531694.html"
"531695","isi-thermo-xpress-cream-whip-station-free-bulbs","https://www.puregusto.co.uk/isi-thermo-xpress-cream-whip-station-free-bulbs-p531695.html"
"531698","bravilor-jug-hot-plate","https://www.puregusto.co.uk/bravilor-jug-hot-plate-p531698.html"
"531699","jura-stainless-milk-flask","https://www.puregusto.co.uk/jura-stainless-milk-flask-p531699.html"
"541122","boutique-double-wall-paper-coffee-cups-lids","https://www.puregusto.co.uk/boutique-double-wall-paper-coffee-cups-lids-p541122.html"
"531701","fairtrade-dark-italia-coffee-beans","https://www.puregusto.co.uk/fairtrade-dark-italia-coffee-beans-p531701.html"
"531702","natural-white-mini-marshmallows","https://www.puregusto.co.uk/natural-white-mini-marshmallows-p531702.html"
"531703","bravilor-solo-free-chocolate-offer","https://www.puregusto.co.uk/bravilor-solo-free-chocolate-offer-p531703.html"
"531704","jura-milk-foamers","https://www.puregusto.co.uk/jura-milk-foamers-p531704.html"
"531705","cappuccino-cups-saucers-x6","https://www.puregusto.co.uk/cappuccino-cups-saucers-x6-p531705.html"
"531706","large-cappuccino-cups-saucers-12oz-x6","https://www.puregusto.co.uk/large-cappuccino-cups-saucers-12oz-x6-p531706.html"
"531707","espresso-cups-saucers-x6","https://www.puregusto.co.uk/espresso-cups-saucers-x6-p531707.html"
"531708","tazza-latte-glasses","https://www.puregusto.co.uk/tazza-latte-glasses-p531708.html"
"531709","semi-skimmed-milk-pots-x-120","https://www.puregusto.co.uk/semi-skimmed-milk-pots-x-120-p531709.html"
"531712","isi-injector-tips-x-4","https://www.puregusto.co.uk/isi-injector-tips-x-4-p531712.html"
"531713","signature-great-taste-award-filter-sachets","https://www.puregusto.co.uk/signature-great-taste-award-filter-sachets-p531713.html"
"531714","colombian-supremo-filter-coffee","https://www.puregusto.co.uk/colombian-supremo-filter-coffee-p531714.html"
"531715","vienna-filter-coffee-sachets-x-50","https://www.puregusto.co.uk/vienna-filter-coffee-sachets-x-50-p531715.html"
"531716","milano-ground-filter-coffee","https://www.puregusto.co.uk/milano-ground-filter-coffee-p531716.html"
"531717","pallo-tool-heads-3-pack","https://www.puregusto.co.uk/pallo-tool-heads-3-pack-p531717.html"
"531718","americas-range-new-jersey-filter-coffee","https://www.puregusto.co.uk/americas-range-new-jersey-filter-coffee-p531718.html"
"531719","swiss-water-decaffeinated-filter-coffee-sachets","https://www.puregusto.co.uk/swiss-water-decaffeinated-filter-coffee-sachets-p531719.html"
"531720","isi-profi-whip-cream-whipper","https://www.puregusto.co.uk/isi-profi-whip-cream-whipper-p531720.html"
"531721","milk-steaming-thermometer","https://www.puregusto.co.uk/milk-steaming-thermometer-p531721.html"
"531723","glass-biscotti-jars-38-ltr","https://www.puregusto.co.uk/glass-biscotti-jars-38-ltr-p531723.html"
"531724","puregusto-branded-crockery-range","https://www.puregusto.co.uk/puregusto-branded-crockery-range-p531724.html"
"531726","blendtec-jugs","https://www.puregusto.co.uk/blendtec-jugs-p531726.html"
"531727","coffee-stencils","https://www.puregusto.co.uk/coffee-stencils-p531727.html"
"531728","exotic-fruit-smoothie-mix-1-ltr","https://www.puregusto.co.uk/exotic-fruit-smoothie-mix-1-ltr-p531728.html"
"531729","stainless-steel-knockout-drawer","https://www.puregusto.co.uk/stainless-steel-knockout-drawer-p531729.html"
"531730","puregusto-dark-italia-coffee-beans-6kg","https://www.puregusto.co.uk/puregusto-dark-italia-coffee-beans-6kg-p531730.html"
"531731","puregusto-continental-intenso-coffee-beans-6kg","https://www.puregusto.co.uk/puregusto-continental-intenso-coffee-beans-6kg-p531731.html"
"531732","puregusto-romero-great-taste-award-coffee-beans-6kg","https://www.puregusto.co.uk/puregusto-romero-great-taste-award-coffee-beans-6kg-p531732.html"
"531734","bravilor-filter-pan-spring","https://www.puregusto.co.uk/bravilor-filter-pan-spring-p531734.html"
"531736","jura-air-intake-nozzle-j67656","https://www.puregusto.co.uk/jura-air-intake-nozzle-j67656-p531736.html"
"531737","nescafe-gold-blend-coffee-sticks-x-200","https://www.puregusto.co.uk/nescafe-gold-blend-coffee-sticks-x-200-p531737.html"
"531738","jura-descaling-tablets","https://www.puregusto.co.uk/jura-descaling-tablets-p531738.html"
"531743","bravilor-hwa-hot-water-boilers","https://www.puregusto.co.uk/bravilor-hwa-hot-water-boilers-p531743.html"
"531744","jura-impressa-d60-black-friday-deal","https://www.puregusto.co.uk/jura-impressa-d60-black-friday-deal-p531744.html"
"531745","jura-milk-cleaning-fluid-1ltr","https://www.puregusto.co.uk/jura-milk-cleaning-fluid-1ltr-p531745.html"
"547322","sweetbird-white-chocolate-syrup-1-litre","https://www.puregusto.co.uk/sweetbird-white-chocolate-syrup-1-litre-p547322.html"
"531746","puregusto-premium-english-breakfast-tea-bags-1100-pack","https://www.puregusto.co.uk/puregusto-premium-english-breakfast-tea-bags-1100-pack-p531746.html"
"531747","tetley-tea-bags-1100-pack","https://www.puregusto.co.uk/tetley-tea-bags-1100-pack-p531747.html"
"531748","matrix-mini-monarch","https://www.puregusto.co.uk/matrix-mini-monarch-p531748.html"
"531749","bravilor-bolero-xl-coffee-machine","https://www.puregusto.co.uk/bravilor-bolero-xl-coffee-machine-p531749.html"
"531750","twinings-pure-peppermint-infusion","https://www.puregusto.co.uk/twinings-pure-peppermint-infusion-p531750.html"
"531751","twinings-cranberry-raspberry-infusion","https://www.puregusto.co.uk/twinings-cranberry-raspberry-infusion-p531751.html"
"531752","twinings-pure-green-tea","https://www.puregusto.co.uk/twinings-pure-green-tea-p531752.html"
"531753","twinings-lemon-ginger","https://www.puregusto.co.uk/twinings-lemon-ginger-p531753.html"
"531754","gaggia-xd-espresso-coffee-machines","https://www.puregusto.co.uk/gaggia-xd-espresso-coffee-machines-p531754.html"
"531755","gaggia-d90-evolution-commercial-espresso-machine","https://www.puregusto.co.uk/gaggia-d90-evolution-commercial-espresso-machine-p531755.html"
"531757","pureshakes-banana-milkshake-mix-1-kg","https://www.puregusto.co.uk/pureshakes-banana-milkshake-mix-1-kg-p531757.html"
"531758","wmf-5000s-bean-to-cup-coffee-machine","https://www.puregusto.co.uk/wmf-5000s-bean-to-cup-coffee-machine-p531758.html"
"531759","metal-wooden-coffee-tampers","https://www.puregusto.co.uk/metal-wooden-coffee-tampers-p531759.html"
"531761","zuma-sweetbird-caffe-frappe-mix-2-kg","https://www.puregusto.co.uk/zuma-sweetbird-caffe-frappe-mix-2-kg-p531761.html"
"531762","cafe-maid-cream-pots","https://www.puregusto.co.uk/cafe-maid-cream-pots-p531762.html"
"531763","bravilor-mondo-filter-coffee-machine","https://www.puregusto.co.uk/bravilor-mondo-filter-coffee-machine-p531763.html"
"531764","bravilor-mondo-twin","https://www.puregusto.co.uk/bravilor-mondo-twin-p531764.html"
"531765","bravilor-matic-2","https://www.puregusto.co.uk/bravilor-matic-2-p531765.html"
"531766","bravilor-matic-twin","https://www.puregusto.co.uk/bravilor-matic-twin-p531766.html"
"531767","bravilor-bulk-brewers","https://www.puregusto.co.uk/bravilor-bulk-brewers-p531767.html"
"531768","nescafe-gold-blend-vending-coffee-10-x-300g","https://www.puregusto.co.uk/nescafe-gold-blend-vending-coffee-10-x-300g-p531768.html"
"531769","fine-granule-vending-sugar-2-kg","https://www.puregusto.co.uk/fine-granule-vending-sugar-2-kg-p531769.html"
"531770","benders-milano-barrier-paper-cups-lids","https://www.puregusto.co.uk/benders-milano-barrier-paper-cups-lids-p531770.html"
"540103","expobar-monroc-espresso-machines","https://www.puregusto.co.uk/expobar-monroc-espresso-machines-p540103.html"
"531786","crunchy-italian-amaretto-biscuits-x-300","https://www.puregusto.co.uk/crunchy-italian-amaretto-biscuits-x-300-p531786.html"
"531787","fairtrade-brown-sugar-sticks-x-1000","https://www.puregusto.co.uk/fairtrade-brown-sugar-sticks-x-1000-p531787.html"
"531789","lotus-caramelised-biscuits-x-300","https://www.puregusto.co.uk/lotus-caramelised-biscuits-x-300-p531789.html"
"531792","milk-frothing-spatula","https://www.puregusto.co.uk/milk-frothing-spatula-p531792.html"
"531795","wooden-coffee-stirrers","https://www.puregusto.co.uk/wooden-coffee-stirrers-p531795.html"
"531796","bravilor-rlx-31","https://www.puregusto.co.uk/bravilor-rlx-31-p531796.html"
"531797","italian-almond-biscotti-biscuits-bars-x-24","https://www.puregusto.co.uk/italian-almond-biscotti-biscuits-bars-x-24-p531797.html"
"531798","pallo-coffee-machine-cleaning-tool","https://www.puregusto.co.uk/pallo-coffee-machine-cleaning-tool-p531798.html"
"531800","puregusto-pure-arabica-coffee-beans-6kg","https://www.puregusto.co.uk/puregusto-pure-arabica-coffee-beans-6kg-p531800.html"
"531801","isi-cream-whipper-chargers","https://www.puregusto.co.uk/isi-cream-whipper-chargers-p531801.html"
"531802","borders-biscuits-100-twin-packs","https://www.puregusto.co.uk/borders-biscuits-100-twin-packs-p531802.html"
"531803","bravilor-rlx-575","https://www.puregusto.co.uk/bravilor-rlx-575-p531803.html"
"531804","bravilor-rlx-585","https://www.puregusto.co.uk/bravilor-rlx-585-p531804.html"
"531806","bravilor-novo-with-free-coffee-offer","https://www.puregusto.co.uk/bravilor-novo-with-free-coffee-offer-p531806.html"
"531807","simply-natural-coffee-syrups-1-ltr","https://www.puregusto.co.uk/simply-natural-coffee-syrups-1-ltr-p531807.html"
"531808","isi-gourmet-plus-whip-cream-whipper","https://www.puregusto.co.uk/isi-gourmet-plus-whip-cream-whipper-p531808.html"
"531810","bravilor-rlx-41","https://www.puregusto.co.uk/bravilor-rlx-41-p531810.html"
"531811","bravilor-rlx-76","https://www.puregusto.co.uk/bravilor-rlx-76-p531811.html"
"531812","bravilor-rlx-75","https://www.puregusto.co.uk/bravilor-rlx-75-p531812.html"
"531813","fairtrade-hot-chocolate-sachets-x-100","https://www.puregusto.co.uk/fairtrade-hot-chocolate-sachets-x-100-p531813.html"
"531814","jura-2-phase-cleaning-tablets","https://www.puregusto.co.uk/jura-2-phase-cleaning-tablets-p531814.html"
"531820","gaggia-g-series","https://www.puregusto.co.uk/gaggia-g-series-p531820.html"
"531821","cup-carry-trays","https://www.puregusto.co.uk/cup-carry-trays-p531821.html"
"531822","swirl-design-take-out-cups-lids","https://www.puregusto.co.uk/swirl-design-take-out-cups-lids-p531822.html"
"531823","jura-claris-water-filters-claris-white","https://www.puregusto.co.uk/jura-claris-water-filters-claris-white-p531823.html"
"531825","syrup-pumps","https://www.puregusto.co.uk/syrup-pumps-p531825.html"
"534900","twinings-green-tea-jasmine","https://www.puregusto.co.uk/twinings-green-tea-jasmine-p534900.html"
"531828","simply-vanilla-chai-latte-1-kg","https://www.puregusto.co.uk/simply-vanilla-chai-latte-1-kg-p531828.html"
"531829","fruit-smoothie-mixes-mixed-case-8-x-1-ltr","https://www.puregusto.co.uk/fruit-smoothie-mixes-mixed-case-8-x-1-ltr-p531829.html"
"531830","jura-jx6-coffee-machine","https://www.puregusto.co.uk/jura-jx6-coffee-machine-p531830.html"
"531832","nescafe-original-coffee-sticks-x-200","https://www.puregusto.co.uk/nescafe-original-coffee-sticks-x-200-p531832.html"
"531833","nescafe-gold-blend-coffee-tin-750g","https://www.puregusto.co.uk/nescafe-gold-blend-coffee-tin-750g-p531833.html"
"531834","nescafe-original-decaf-coffee-tin-500g","https://www.puregusto.co.uk/nescafe-original-decaf-coffee-tin-500g-p531834.html"
"531835","nescafe-original-decaf-sticks-x-200","https://www.puregusto.co.uk/nescafe-original-decaf-sticks-x-200-p531835.html"
"547561","simply-red-velvet-syrup-1-litre","https://www.puregusto.co.uk/simply-red-velvet-syrup-1-litre-p547561.html"
"531840","stainless-milk-foaming-jug","https://www.puregusto.co.uk/stainless-milk-foaming-jug-p531840.html"
"531841","puregusto-espresso-cleaning-powder-900g","https://www.puregusto.co.uk/puregusto-espresso-cleaning-powder-900g-p531841.html"
"531842","puregusto-pureclean-cleaning-fluid-jura-approved-1-ltr","https://www.puregusto.co.uk/puregusto-pureclean-cleaning-fluid-jura-approved-1-ltr-p531842.html"
"531843","puly-caff-cleaning-tablets","https://www.puregusto.co.uk/puly-caff-cleaning-tablets-p531843.html"
"531844","puregusto-brown-sugar-sticks-x-1000","https://www.puregusto.co.uk/puregusto-brown-sugar-sticks-x-1000-p531844.html"
"531845","puregusto-white-sugar-sticks-x-1000","https://www.puregusto.co.uk/puregusto-white-sugar-sticks-x-1000-p531845.html"
"531846","coffee-filter-papers-x-250","https://www.puregusto.co.uk/coffee-filter-papers-x-250-p531846.html"
"531847","bravilor-glass-jug-17-litre","https://www.puregusto.co.uk/bravilor-glass-jug-17-litre-p531847.html"
"531848","bravilor-furento-airpot-22-litre","https://www.puregusto.co.uk/bravilor-furento-airpot-22-litre-p531848.html"
"531849","great-taste-award-winning-swiss-water-decaf-coffee","https://www.puregusto.co.uk/great-taste-award-winning-swiss-water-decaf-coffee-p531849.html"
"531850","whole-milk-pots-x-120","https://www.puregusto.co.uk/whole-milk-pots-x-120-p531850.html"
"531851","fairtrade-romero-coffee-beans-6kg","https://www.puregusto.co.uk/fairtrade-romero-coffee-beans-6kg-p531851.html"
"531854","latte-mug-x6","https://www.puregusto.co.uk/latte-mug-x6-p531854.html"
"531855","swizzle-sugar-sticks-x-100","https://www.puregusto.co.uk/swizzle-sugar-sticks-x-100-p531855.html"
"531856","rough-cut-sugar-cubes-white-brown-1kg","https://www.puregusto.co.uk/rough-cut-sugar-cubes-white-brown-1kg-p531856.html"
"531857","jura-milk-container","https://www.puregusto.co.uk/jura-milk-container-p531857.html"
"531859","blendtec-abc-commercial-blender","https://www.puregusto.co.uk/blendtec-abc-commercial-blender-p531859.html"
"531866","condiment-dispenser","https://www.puregusto.co.uk/condiment-dispenser-p531866.html"
"531867","expobar-carat-espresso-machine","https://www.puregusto.co.uk/expobar-carat-espresso-machine-p531867.html"
"531868","puregusto-italian-passion-ese-pods-x-100","https://www.puregusto.co.uk/puregusto-italian-passion-ese-pods-x-100-p531868.html"
"531869","simply-syrups-fruit-flavours-1-ltr","https://www.puregusto.co.uk/simply-syrups-fruit-flavours-1-ltr-p531869.html"
"531870","pureshakes-milkshake-starter-kit","https://www.puregusto.co.uk/pureshakes-milkshake-starter-kit-p531870.html"
"531873","pure-nicaraguan-coffee-beans-microlot","https://www.puregusto.co.uk/pure-nicaraguan-coffee-beans-microlot-p531873.html"
"531874","blendtec-twist-jar-large","https://www.puregusto.co.uk/blendtec-twist-jar-large-p531874.html"
"531875","pureshakes-strawberry-milkshake-mix-1-kg","https://www.puregusto.co.uk/pureshakes-strawberry-milkshake-mix-1-kg-p531875.html"
"531877","wmf-1200s-bean-to-cup-coffee-machine","https://www.puregusto.co.uk/wmf-1200s-bean-to-cup-coffee-machine-p531877.html"
"531882","puregusto-signature-great-taste-award-coffee-beans-6kg","https://www.puregusto.co.uk/puregusto-signature-great-taste-award-coffee-beans-6kg-p531882.html"
"531885","pureshakes-vanilla-milkshake-mix-1-kg","https://www.puregusto.co.uk/pureshakes-vanilla-milkshake-mix-1-kg-p531885.html"
"531887","puregusto-ese-coffee-pods-mixed-variety-pack-x-100","https://www.puregusto.co.uk/puregusto-ese-coffee-pods-mixed-variety-pack-x-100-p531887.html"
"531888","pineapple-passionfruit-smoothie-mix-1-ltr","https://www.puregusto.co.uk/pineapple-passionfruit-smoothie-mix-1-ltr-p531888.html"
"531889","utopia-coffee-mugs","https://www.puregusto.co.uk/utopia-coffee-mugs-p531889.html"
"531892","bravilor-filter-coffee-machine-cleaner-sachet-green","https://www.puregusto.co.uk/bravilor-filter-coffee-machine-cleaner-sachet-green-p531892.html"
"531898","expobar-g10-commercial-espresso-machine","https://www.puregusto.co.uk/expobar-g10-commercial-espresso-machine-p531898.html"
"531899","grinder-cleaning-brush","https://www.puregusto.co.uk/grinder-cleaning-brush-p531899.html"
"531900","blendtec-chef-775-commercial-blender","https://www.puregusto.co.uk/blendtec-chef-775-commercial-blender-p531900.html"
"531902","fairtrade-coffee-sticks-x-250","https://www.puregusto.co.uk/fairtrade-coffee-sticks-x-250-p531902.html"
"531903","dinkum-shmoo-stainless-steel-mixer-jar","https://www.puregusto.co.uk/dinkum-shmoo-stainless-steel-mixer-jar-p531903.html"
"531904","kraft-ripple-coffee-cups-lids","https://www.puregusto.co.uk/kraft-ripple-coffee-cups-lids-p531904.html"
"531905","shmoo-strawberry-milk-shake-mix-18-kg","https://www.puregusto.co.uk/shmoo-strawberry-milk-shake-mix-18-kg-p531905.html"
"531907","jura-milk-accessory-kit","https://www.puregusto.co.uk/jura-milk-accessory-kit-p531907.html"
"531909","fairtrade-caramelised-biscuit-x-300","https://www.puregusto.co.uk/fairtrade-caramelised-biscuit-x-300-p531909.html"
"531910","signature-freeze-dried-vending-coffee-10-x-300g","https://www.puregusto.co.uk/signature-freeze-dried-vending-coffee-10-x-300g-p531910.html"
"531911","beverage-scoops-shakes-frappes-chocolate","https://www.puregusto.co.uk/beverage-scoops-shakes-frappes-chocolate-p531911.html"
"531912","jura-claris-water-filters-claris-blue","https://www.puregusto.co.uk/jura-claris-water-filters-claris-blue-p531912.html"
"531914","zuma-vanilla-chai-tin-1-kg","https://www.puregusto.co.uk/zuma-vanilla-chai-tin-1-kg-p531914.html"
"531915","expobar-diamant-espresso-machines","https://www.puregusto.co.uk/expobar-diamant-espresso-machines-p531915.html"
"531917","long-handled-latte-spoons-x12","https://www.puregusto.co.uk/long-handled-latte-spoons-x12-p531917.html"
"531920","classic-cappuccino-topping-10-x-750g","https://www.puregusto.co.uk/classic-cappuccino-topping-10-x-750g-p531920.html"
"531921","blackberry-blueberry-smoothie-mix-1-ltr","https://www.puregusto.co.uk/blackberry-blueberry-smoothie-mix-1-ltr-p531921.html"
"531922","pp-recyclable-clear-plastic-smoothie-cups-lids","https://www.puregusto.co.uk/pp-recyclable-clear-plastic-smoothie-cups-lids-p531922.html"
"531924","mango-passionfruit-smoothie-1-ltr","https://www.puregusto.co.uk/mango-passionfruit-smoothie-1-ltr-p531924.html"
"531925","blendtec-sound-enclosure","https://www.puregusto.co.uk/blendtec-sound-enclosure-p531925.html"
"535347","lavazza-blue-capsules-espresso-intenso-top-class-double-shot-x-100","https://www.puregusto.co.uk/lavazza-blue-capsules-espresso-intenso-top-class-double-shot-x-100-p535347.html"
"535348","lavazza-blue-capsules-espresso-amabile-x-100","https://www.puregusto.co.uk/lavazza-blue-capsules-espresso-amabile-x-100-p535348.html"
"531927","puregusto-premium-blend-hot-chocolate-powder","https://www.puregusto.co.uk/puregusto-premium-blend-hot-chocolate-powder-p531927.html"
"531929","puregusto-sprinkler-pack","https://www.puregusto.co.uk/puregusto-sprinkler-pack-p531929.html"
"531930","franke-descaling-solution-700ml","https://www.puregusto.co.uk/franke-descaling-solution-700ml-p531930.html"
"531933","pureshakes-chocolate-milkshake-mix-1-kg","https://www.puregusto.co.uk/pureshakes-chocolate-milkshake-mix-1-kg-p531933.html"
"531934","plain-white-paper-cups-lids","https://www.puregusto.co.uk/plain-white-paper-cups-lids-p531934.html"
"531935","rubber-anti-scorch-steam-wand-sleeve","https://www.puregusto.co.uk/rubber-anti-scorch-steam-wand-sleeve-p531935.html"
"531937","zuma-white-hot-chocolate-2-kg","https://www.puregusto.co.uk/zuma-white-hot-chocolate-2-kg-p531937.html"
"531940","4oz-stainless-shot-pitcher","https://www.puregusto.co.uk/4oz-stainless-shot-pitcher-p531940.html"
"531941","pallo-grinderminder-brush","https://www.puregusto.co.uk/pallo-grinderminder-brush-p531941.html"
"531943","tea-coffee-whitener-10-x-500g","https://www.puregusto.co.uk/tea-coffee-whitener-10-x-500g-p531943.html"
"531944","pg-tips-tea-bags-1100-pack","https://www.puregusto.co.uk/pg-tips-tea-bags-1100-pack-p531944.html"
"531945","jura-cool-control","https://www.puregusto.co.uk/jura-cool-control-p531945.html"
"531954","blendtec-motor-enclosure","https://www.puregusto.co.uk/blendtec-motor-enclosure-p531954.html"
"531955","cafetiere-coffee-press","https://www.puregusto.co.uk/cafetiere-coffee-press-p531955.html"
"531958","jura-giga-x3-generation-2-coffee-machine","https://www.puregusto.co.uk/jura-giga-x3-generation-2-coffee-machine-p531958.html"
"531959","group-head-seals-85mm","https://www.puregusto.co.uk/group-head-seals-85mm-p531959.html"
"531960","toppings-pack","https://www.puregusto.co.uk/toppings-pack-p531960.html"
"531962","matrix-mini-magnum","https://www.puregusto.co.uk/matrix-mini-magnum-p531962.html"
"531963","espresso-machine-shower-plates","https://www.puregusto.co.uk/espresso-machine-shower-plates-p531963.html"
"531965","birchall-camomile-prism-tea-bags","https://www.puregusto.co.uk/birchall-camomile-prism-tea-bags-p531965.html"
"531969","birchall-lemongrass-ginger-prism-tea-bags","https://www.puregusto.co.uk/birchall-lemongrass-ginger-prism-tea-bags-p531969.html"
"531970","birchall-decaf-prism-tea-bags","https://www.puregusto.co.uk/birchall-decaf-prism-tea-bags-p531970.html"
"531971","jura-cup-warmer-slimline","https://www.puregusto.co.uk/jura-cup-warmer-slimline-p531971.html"
"531976","black-triple-wall-ripple-cups-lids","https://www.puregusto.co.uk/black-triple-wall-ripple-cups-lids-p531976.html"
"531978","puregusto-costa-rican-ese-coffee-pods-x-100","https://www.puregusto.co.uk/puregusto-costa-rican-ese-coffee-pods-x-100-p531978.html"
"543898","simply-mini-retail-coffee-syrups-250ml","https://www.puregusto.co.uk/simply-mini-retail-coffee-syrups-250ml-p543898.html"
"531983","gaggia-commercial-grinders","https://www.puregusto.co.uk/gaggia-commercial-grinders-p531983.html"
"531991","blendtec-stealth-875-commercial-blender","https://www.puregusto.co.uk/blendtec-stealth-875-commercial-blender-p531991.html"
"532016","puregusto-shakes-mixed-case","https://www.puregusto.co.uk/puregusto-shakes-mixed-case-p532016.html"
"532017","jumbo-wide-smoothie-straws-x-100","https://www.puregusto.co.uk/jumbo-wide-smoothie-straws-x-100-p532017.html"
"532022","millac-roselle-supreme-squirty-cream-aerosol-500g","https://www.puregusto.co.uk/millac-roselle-supreme-squirty-cream-aerosol-500g-p532022.html"
"532024","puregusto-italian-caramelised-biscuits-x-300","https://www.puregusto.co.uk/puregusto-italian-caramelised-biscuits-x-300-p532024.html"
"532025","bonito-vanilla-spoon-biscuits-x-300","https://www.puregusto.co.uk/bonito-vanilla-spoon-biscuits-x-300-p532025.html"
"551157","simply-violet-syrup-1-litre","https://www.puregusto.co.uk/simply-violet-syrup-1-litre-p551157.html"
"532031","nescafe-original-instant-coffee-tin-500g","https://www.puregusto.co.uk/nescafe-original-instant-coffee-tin-500g-p532031.html"
"549078","aromo-ese-coffee-pods-bounce-arabica-x-100-pods","https://www.puregusto.co.uk/aromo-ese-coffee-pods-bounce-arabica-x-100-pods-p549078.html"
"547543","simply-pineapple-syrup-1-litre","https://www.puregusto.co.uk/simply-pineapple-syrup-1-litre-p547543.html"
"547539","simply-peanut-butter-syrup-1-litre","https://www.puregusto.co.uk/simply-peanut-butter-syrup-1-litre-p547539.html"
"534893","soup-porridge-pots-lids","https://www.puregusto.co.uk/soup-porridge-pots-lids-p534893.html"
"535844","blendtec-colour-coded-jars","https://www.puregusto.co.uk/blendtec-colour-coded-jars-p535844.html"
"535341","lavazza-tierra-arabica-coffee-beans-6kg","https://www.puregusto.co.uk/lavazza-tierra-arabica-coffee-beans-6kg-p535341.html"
"535342","lavazza-gold-selection-coffee-beans-6kg","https://www.puregusto.co.uk/lavazza-gold-selection-coffee-beans-6kg-p535342.html"
"535344","lavazza-super-crema-coffee-beans-6kg","https://www.puregusto.co.uk/lavazza-super-crema-coffee-beans-6kg-p535344.html"
"535345","lavazza-dek-decaf-ground-sachets-x-80","https://www.puregusto.co.uk/lavazza-dek-decaf-ground-sachets-x-80-p535345.html"
"535346","lavazza-gran-espresso-ese-pods-x-150","https://www.puregusto.co.uk/lavazza-gran-espresso-ese-pods-x-150-p535346.html"
"535350","lavazza-blue-capsules-delicato-x-100","https://www.puregusto.co.uk/lavazza-blue-capsules-delicato-x-100-p535350.html"
"535351","lavazza-blue-capsules-crema-gusto-dolce-x-100","https://www.puregusto.co.uk/lavazza-blue-capsules-crema-gusto-dolce-x-100-p535351.html"
"535352","lavazza-blue-capsules-decaffeinato-x-100","https://www.puregusto.co.uk/lavazza-blue-capsules-decaffeinato-x-100-p535352.html"
"535353","lavazza-blue-capsules-espresso-intenso-top-class-single-shot-x-100","https://www.puregusto.co.uk/lavazza-blue-capsules-espresso-intenso-top-class-single-shot-x-100-p535353.html"
"535354","lavazza-blue-capsules-tierra-intenso-single-shot-x-100","https://www.puregusto.co.uk/lavazza-blue-capsules-tierra-intenso-single-shot-x-100-p535354.html"
"535355","lavazza-blue-capsules-tierra-intenso-double-shot-x-100","https://www.puregusto.co.uk/lavazza-blue-capsules-tierra-intenso-double-shot-x-100-p535355.html"
"538837","twinings-everyday-tea-bags","https://www.puregusto.co.uk/twinings-everyday-tea-bags-p538837.html"
"538887","metal-syrup-holder-stand-3-bottle","https://www.puregusto.co.uk/metal-syrup-holder-stand-3-bottle-p538887.html"
"546679","puregusto-frappe-mixes-1-kg","https://www.puregusto.co.uk/puregusto-frappe-mixes-1-kg-p546679.html"
"545950","isi-chrome-charger-holder","https://www.puregusto.co.uk/isi-chrome-charger-holder-p545950.html"
"545951","isi-funnel-sieve-set","https://www.puregusto.co.uk/isi-funnel-sieve-set-p545951.html"
"549027","puregusto-great-taste-award-pavement-sign","https://www.puregusto.co.uk/puregusto-great-taste-award-pavement-sign-p549027.html"
"549049","lotus-biscoff-biscuit-crumb-x-750g","https://www.puregusto.co.uk/lotus-biscoff-biscuit-crumb-x-750g-p549049.html"
"549068","sweetbird-honeycomb-syrup-1-litre","https://www.puregusto.co.uk/sweetbird-honeycomb-syrup-1-litre-p549068.html"
"543528","santa-rosa-yellow-bourbon-coffee-great-taste-award-winner","https://www.puregusto.co.uk/santa-rosa-yellow-bourbon-coffee-great-taste-award-winner-p543528.html"
"538926","zuma-sweetbird-yoghurt-frappe-mix-2-kg","https://www.puregusto.co.uk/zuma-sweetbird-yoghurt-frappe-mix-2-kg-p538926.html"
"541310","jtc-omniblend-v-pro-omnishield-smoothie-blender","https://www.puregusto.co.uk/jtc-omniblend-v-pro-omnishield-smoothie-blender-p541310.html"
"541332","isi-soda-chargers","https://www.puregusto.co.uk/isi-soda-chargers-p541332.html"
"541343","icelandic-glacial-water","https://www.puregusto.co.uk/icelandic-glacial-water-p541343.html"
"549082","aromo-ese-coffee-pods-mixed-selection-pack-x-100","https://www.puregusto.co.uk/aromo-ese-coffee-pods-mixed-selection-pack-x-100-p549082.html"
"541481","yumcha-earl-grey-iced-tea","https://www.puregusto.co.uk/yumcha-earl-grey-iced-tea-p541481.html"
"539430","double-coffee-pods-14g-decaf-x-50","https://www.puregusto.co.uk/double-coffee-pods-14g-decaf-x-50-p539430.html"
"539433","white-sugar-sachets-x-1000","https://www.puregusto.co.uk/white-sugar-sachets-x-1000-p539433.html"
"539434","brown-sugar-sachets-x-1000","https://www.puregusto.co.uk/brown-sugar-sachets-x-1000-p539434.html"
"539448","blendtec-rapid-rinse-station","https://www.puregusto.co.uk/blendtec-rapid-rinse-station-p539448.html"
"539449","white-dispenser-napkins-x-3000","https://www.puregusto.co.uk/white-dispenser-napkins-x-3000-p539449.html"
"539807","semi-skimmed-milk-sticks-x-240","https://www.puregusto.co.uk/semi-skimmed-milk-sticks-x-240-p539807.html"
"539851","puregusto-mama-cata-great-taste-award-coffee-beans-6kg","https://www.puregusto.co.uk/puregusto-mama-cata-great-taste-award-coffee-beans-6kg-p539851.html"
"539896","twinings-loose-leaf-pyramid-super-fruity","https://www.puregusto.co.uk/twinings-loose-leaf-pyramid-super-fruity-p539896.html"
"539899","twinings-loose-leaf-pyramid-caramel-redbush","https://www.puregusto.co.uk/twinings-loose-leaf-pyramid-caramel-redbush-p539899.html"
"540266","festive-coffee-stencils-set-x-8","https://www.puregusto.co.uk/festive-coffee-stencils-set-x-8-p540266.html"
"540269","lavazza-coffee-by-the-bag","https://www.puregusto.co.uk/lavazza-coffee-by-the-bag-p540269.html"
"540984","birchall-fairtrade-earl-grey-tea-bags","https://www.puregusto.co.uk/birchall-fairtrade-earl-grey-tea-bags-p540984.html"
"547442","simply-almond-syrup-1-litre","https://www.puregusto.co.uk/simply-almond-syrup-1-litre-p547442.html"
"547443","simply-amaretto-syrup-1-litre","https://www.puregusto.co.uk/simply-amaretto-syrup-1-litre-p547443.html"
"540296","bendy-plastic-straws-x-250","https://www.puregusto.co.uk/bendy-plastic-straws-x-250-p540296.html"
"547718","sweetbird-raspberry-pomegranate-syrup-1-litre","https://www.puregusto.co.uk/sweetbird-raspberry-pomegranate-syrup-1-litre-p547718.html"
"541153","jura-claris-water-filters-claris-smart","https://www.puregusto.co.uk/jura-claris-water-filters-claris-smart-p541153.html"
"540385","zuma-gold-dust-sprinkler","https://www.puregusto.co.uk/zuma-gold-dust-sprinkler-p540385.html"
"540688","gaggia-carezza-style-coffee-maker","https://www.puregusto.co.uk/gaggia-carezza-style-coffee-maker-p540688.html"
"540690","gaggia-accademia-coffee-maker","https://www.puregusto.co.uk/gaggia-accademia-coffee-maker-p540690.html"
"540691","gaggia-mdf-grinder-black","https://www.puregusto.co.uk/gaggia-mdf-grinder-black-p540691.html"
"540692","gaggia-anima-prestige-coffee-maker","https://www.puregusto.co.uk/gaggia-anima-prestige-coffee-maker-p540692.html"
"540706","gaggia-brera-coffee-machine","https://www.puregusto.co.uk/gaggia-brera-coffee-machine-p540706.html"
"540826","chicopee-coffee-towels-x-10","https://www.puregusto.co.uk/chicopee-coffee-towels-x-10-p540826.html"
"540827","chocolate-frothing-jug-2-sizes","https://www.puregusto.co.uk/chocolate-frothing-jug-2-sizes-p540827.html"
"540828","iberital-ib7-coffee-machine","https://www.puregusto.co.uk/iberital-ib7-coffee-machine-p540828.html"
"540829","galaxy-hot-chocolate-bags","https://www.puregusto.co.uk/galaxy-hot-chocolate-bags-p540829.html"
"541078","birchall-premium-teas-starter-kit","https://www.puregusto.co.uk/birchall-premium-teas-starter-kit-p541078.html"
"541094","isi-stainless-steel-tips-x-3","https://www.puregusto.co.uk/isi-stainless-steel-tips-x-3-p541094.html"
"541120","jura-impressa-e8-coffee-machine","https://www.puregusto.co.uk/jura-impressa-e8-coffee-machine-p541120.html"
"541160","champion-soya-milk-substitute-pots-x-80","https://www.puregusto.co.uk/champion-soya-milk-substitute-pots-x-80-p541160.html"
"547714","sweetbird-lemonade-syrup-1-litre","https://www.puregusto.co.uk/sweetbird-lemonade-syrup-1-litre-p547714.html"
"542120","jura-claris-pro-blue-water-filter-pro-blue","https://www.puregusto.co.uk/jura-claris-pro-blue-water-filter-pro-blue-p542120.html"
"542121","jura-claris-pro-white-water-filter-pro-white","https://www.puregusto.co.uk/jura-claris-pro-white-water-filter-pro-white-p542121.html"
"547641","simply-sugar-free-vanilla-syrup-1-litre","https://www.puregusto.co.uk/simply-sugar-free-vanilla-syrup-1-litre-p547641.html"
"542800","3m-scaleguard-water-filters","https://www.puregusto.co.uk/3m-scaleguard-water-filters-p542800.html"
"542810","claris-ultra-water-filters","https://www.puregusto.co.uk/claris-ultra-water-filters-p542810.html"
"542854","everpure-claris-water-filters","https://www.puregusto.co.uk/everpure-claris-water-filters-p542854.html"
"542862","brita-purity-c-water-filters","https://www.puregusto.co.uk/brita-purity-c-water-filters-p542862.html"
"542866","brita-finest-purity-water-filters","https://www.puregusto.co.uk/brita-finest-purity-water-filters-p542866.html"
"543008","jura-we6-coffee-machine-package","https://www.puregusto.co.uk/jura-we6-coffee-machine-package-p543008.html"
"543013","jura-we8-coffee-machine-package","https://www.puregusto.co.uk/jura-we8-coffee-machine-package-p543013.html"
"543129","tetley-decaf-tea-x-440-great-taste-award-winner","https://www.puregusto.co.uk/tetley-decaf-tea-x-440-great-taste-award-winner-p543129.html"
"543194","milfresh-gold-granulated-milk-10-x-500g","https://www.puregusto.co.uk/milfresh-gold-granulated-milk-10-x-500g-p543194.html"
"543807","expobar-rosetta-espresso-machine","https://www.puregusto.co.uk/expobar-rosetta-espresso-machine-p543807.html"
"543896","mentos-mints-individually-wrapped-x-700","https://www.puregusto.co.uk/mentos-mints-individually-wrapped-x-700-p543896.html"
"543897","coffee-fresh-vacuum-can-500g","https://www.puregusto.co.uk/coffee-fresh-vacuum-can-500g-p543897.html"
"543899","twinings-fruit-herbal-mixed-selections-x-50","https://www.puregusto.co.uk/twinings-fruit-herbal-mixed-selections-x-50-p543899.html"
"548734","birchall-loose-leaf-tea-camomile-75g","https://www.puregusto.co.uk/birchall-loose-leaf-tea-camomile-75g-p548734.html"
"548735","birchall-loose-leaf-tea-peppermint-75g","https://www.puregusto.co.uk/birchall-loose-leaf-tea-peppermint-75g-p548735.html"
"543910","granulated-skimmed-milk-powder-10-x-500g","https://www.puregusto.co.uk/granulated-skimmed-milk-powder-10-x-500g-p543910.html"
"543937","puregusto-customer-loyalty-cards-x-100","https://www.puregusto.co.uk/puregusto-customer-loyalty-cards-x-100-p543937.html"
"543998","jura-impressa-e6-coffee-maker","https://www.puregusto.co.uk/jura-impressa-e6-coffee-maker-p543998.html"
"544054","expobar-zenith-on-demand-grinder","https://www.puregusto.co.uk/expobar-zenith-on-demand-grinder-p544054.html"
"544040","simply-winter-warmers-1-ltr","https://www.puregusto.co.uk/simply-winter-warmers-1-ltr-p544040.html"
"544055","jura-bluetooth-smart-connect-adapter","https://www.puregusto.co.uk/jura-bluetooth-smart-connect-adapter-p544055.html"
"547727","sweetbird-sugar-free-hazelnut-syrup-1-litre","https://www.puregusto.co.uk/sweetbird-sugar-free-hazelnut-syrup-1-litre-p547727.html"
"545656","puregusto-samba-peruvian-arabica-coffee-beans","https://www.puregusto.co.uk/puregusto-samba-peruvian-arabica-coffee-beans-p545656.html"
"547723","sweetbird-sugar-free-caramel-syrup-1-litre","https://www.puregusto.co.uk/sweetbird-sugar-free-caramel-syrup-1-litre-p547723.html"
"544257","van-houten-single-origin-tanzanian-hot-chocolate-750g","https://www.puregusto.co.uk/van-houten-single-origin-tanzanian-hot-chocolate-750g-p544257.html"
"544968","puly-espresso-machine-cleaning-kit","https://www.puregusto.co.uk/puly-espresso-machine-cleaning-kit-p544968.html"
"545318","motta-professional-barista-kit","https://www.puregusto.co.uk/motta-professional-barista-kit-p545318.html"
"549073","fiorenzato-f64-evo-on-demand-grinder","https://www.puregusto.co.uk/fiorenzato-f64-evo-on-demand-grinder-p549073.html"
"548952","byron-bay-cookies-dotty-x-6","https://www.puregusto.co.uk/byron-bay-cookies-dotty-x-6-p548952.html"
"548956","byron-bay-cookies-sticky-date-ginger-x-6","https://www.puregusto.co.uk/byron-bay-cookies-sticky-date-ginger-x-6-p548956.html"
"548957","byron-bay-cookies-triple-choc-fudge-x-6","https://www.puregusto.co.uk/byron-bay-cookies-triple-choc-fudge-x-6-p548957.html"
"548958","byron-bay-cookies-white-choc-madadamia-x-6","https://www.puregusto.co.uk/byron-bay-cookies-white-choc-madadamia-x-6-p548958.html"
"548959","jura-coffee-machine-care-kit","https://www.puregusto.co.uk/jura-coffee-machine-care-kit-p548959.html"
"548954","byron-bay-cookies-lemon-macadamia-x-6","https://www.puregusto.co.uk/byron-bay-cookies-lemon-macadamia-x-6-p548954.html"
"548955","byron-bay-cookies-milk-choc-chunk-x-6","https://www.puregusto.co.uk/byron-bay-cookies-milk-choc-chunk-x-6-p548955.html"
"545909","van-houten-white-hot-chocolate-drink-750g","https://www.puregusto.co.uk/van-houten-white-hot-chocolate-drink-750g-p545909.html"
"545991","birchall-darjeeling-prism-tea-bags","https://www.puregusto.co.uk/birchall-darjeeling-prism-tea-bags-p545991.html"
"545993","birchall-virunga-chai-prism-tea-bags","https://www.puregusto.co.uk/birchall-virunga-chai-prism-tea-bags-p545993.html"
"545996","twinings-everyday-tea-bags-x-1200","https://www.puregusto.co.uk/twinings-everyday-tea-bags-x-1200-p545996.html"
"547644","simply-lemon-and-honey-winter-warmer-syrup-1-litre","https://www.puregusto.co.uk/simply-lemon-and-honey-winter-warmer-syrup-1-litre-p547644.html"
"547645","simply-mulled-fruit-winter-warmer-syrup-1-litre","https://www.puregusto.co.uk/simply-mulled-fruit-winter-warmer-syrup-1-litre-p547645.html"
"547643","simply-lemon-and-ginger-winter-warmer-syrup-1-litre","https://www.puregusto.co.uk/simply-lemon-and-ginger-winter-warmer-syrup-1-litre-p547643.html"
"547646","simply-hot-spiced-apple-winter-warmer-syrup-1-litre","https://www.puregusto.co.uk/simply-hot-spiced-apple-winter-warmer-syrup-1-litre-p547646.html"
"547296","sweetbird-butterscotch-syrup-1-litre","https://www.puregusto.co.uk/sweetbird-butterscotch-syrup-1-litre-p547296.html"
"546334","wmf-1100s-bean-to-cup-coffee-machine","https://www.puregusto.co.uk/wmf-1100s-bean-to-cup-coffee-machine-p546334.html"
"546924","simply-cookies-cream-frappe-175kg","https://www.puregusto.co.uk/simply-cookies-cream-frappe-175kg-p546924.html"
"547585","simply-sugar-syrup-1-litre","https://www.puregusto.co.uk/simply-sugar-syrup-1-litre-p547585.html"
"547590","simply-tropical-fruits-syrup-1-litre","https://www.puregusto.co.uk/simply-tropical-fruits-syrup-1-litre-p547590.html"
"547592","simply-vanilla-syrup-1-litre","https://www.puregusto.co.uk/simply-vanilla-syrup-1-litre-p547592.html"
"547535","barista-double-wall-paper-coffee-cups-lids","https://www.puregusto.co.uk/barista-double-wall-paper-coffee-cups-lids-p547535.html"
"551144","wmf-5000-s-plus-coffee-machine","https://www.puregusto.co.uk/wmf-5000-s-plus-coffee-machine-p551144.html"
"548268","for-life-stump-tea-pot-black","https://www.puregusto.co.uk/for-life-stump-tea-pot-black-p548268.html"
"548269","for-life-stump-tea-pot-grey","https://www.puregusto.co.uk/for-life-stump-tea-pot-grey-p548269.html"
"548273","for-life-stump-tea-pot-lime-green","https://www.puregusto.co.uk/for-life-stump-tea-pot-lime-green-p548273.html"
"548276","for-life-stump-tea-pot-red","https://www.puregusto.co.uk/for-life-stump-tea-pot-red-p548276.html"
"548278","for-life-stump-tea-pot-turquoise","https://www.puregusto.co.uk/for-life-stump-tea-pot-turquoise-p548278.html"
"548280","for-life-stump-tea-pot-white","https://www.puregusto.co.uk/for-life-stump-tea-pot-white-p548280.html"
"548281","for-life-stump-tea-pot-blue","https://www.puregusto.co.uk/for-life-stump-tea-pot-blue-p548281.html"
"548284","for-life-stump-tea-pot-burgandy","https://www.puregusto.co.uk/for-life-stump-tea-pot-burgandy-p548284.html"
"548286","for-life-stump-tea-pot-carrot","https://www.puregusto.co.uk/for-life-stump-tea-pot-carrot-p548286.html"
"548287","for-life-stump-tea-pot-coral","https://www.puregusto.co.uk/for-life-stump-tea-pot-coral-p548287.html"
"548288","for-life-stump-tea-pot-mandarin","https://www.puregusto.co.uk/for-life-stump-tea-pot-mandarin-p548288.html"
"548953","byron-bay-cookies-cherry-cheesecake-x-6","https://www.puregusto.co.uk/byron-bay-cookies-cherry-cheesecake-x-6-p548953.html"
"548807","test-product1","https://www.puregusto.co.uk/test-product1-p548807.html"
"550033","lavazza-blue-capsules-rotondo-double-shot-x-100","https://www.puregusto.co.uk/lavazza-blue-capsules-rotondo-double-shot-x-100-p550033.html"
"550034","lavazza-top-class-coffee-beans-6kg","https://www.puregusto.co.uk/lavazza-top-class-coffee-beans-6kg-p550034.html"
"548165","simply-popcorn-syrup-1-litre","https://www.puregusto.co.uk/simply-popcorn-syrup-1-litre-p548165.html"
"548166","simply-coffee-syrup-1-litre","https://www.puregusto.co.uk/simply-coffee-syrup-1-litre-p548166.html"
"548167","simply-hot-cross-bun-syrup-1-litre","https://www.puregusto.co.uk/simply-hot-cross-bun-syrup-1-litre-p548167.html"
"550163","butterfly-pea-latte-powder","https://www.puregusto.co.uk/butterfly-pea-latte-powder-p550163.html"
"547907","puregusto-chai-latte-powder-1-kg","https://www.puregusto.co.uk/puregusto-chai-latte-powder-1-kg-p547907.html"
"547639","simply-sugar-free-chocolate-syrup-1-litre","https://www.puregusto.co.uk/simply-sugar-free-chocolate-syrup-1-litre-p547639.html"
"547466","simply-english-toffee-syrup-1-litre","https://www.puregusto.co.uk/simply-english-toffee-syrup-1-litre-p547466.html"
"548091","simply-rose-syrup-1-litre","https://www.puregusto.co.uk/simply-rose-syrup-1-litre-p548091.html"
"547724","sweetbird-sugar-free-gingerbread-syrup-1-litre","https://www.puregusto.co.uk/sweetbird-sugar-free-gingerbread-syrup-1-litre-p547724.html"
"548101","simply-panettone-syrup-1-litre","https://www.puregusto.co.uk/simply-panettone-syrup-1-litre-p548101.html"
"547513","simply-mango-syrup-1-litre","https://www.puregusto.co.uk/simply-mango-syrup-1-litre-p547513.html"
"547519","simply-mint-syrup-1-litre","https://www.puregusto.co.uk/simply-mint-syrup-1-litre-p547519.html"
"548009","gravia-ese-pods-huge-sale-price","https://www.puregusto.co.uk/gravia-ese-pods-huge-sale-price-p548009.html"
"547522","simply-passion-fruit-syrup-1-litre","https://www.puregusto.co.uk/simply-passion-fruit-syrup-1-litre-p547522.html"
"547523","simply-peach-syrup-1-litre","https://www.puregusto.co.uk/simply-peach-syrup-1-litre-p547523.html"
"547525","simply-pear-syrup-1-litre","https://www.puregusto.co.uk/simply-pear-syrup-1-litre-p547525.html"
"547717","sweetbird-pink-grapefruit-syrup-1-litre","https://www.puregusto.co.uk/sweetbird-pink-grapefruit-syrup-1-litre-p547717.html"
"547520","simply-mojito-mint-syrup-1-litre","https://www.puregusto.co.uk/simply-mojito-mint-syrup-1-litre-p547520.html"
"547742","sweetbird-jasmine-and-lime-iced-tea-syrup-1-litre","https://www.puregusto.co.uk/sweetbird-jasmine-and-lime-iced-tea-syrup-1-litre-p547742.html"
"547743","sweetbird-passion-fruit-and-lemon-iced-tea-syrup-1-litre","https://www.puregusto.co.uk/sweetbird-passion-fruit-and-lemon-iced-tea-syrup-1-litre-p547743.html"
"547745","sweetbird-peach-iced-tea-syrup-1-litre","https://www.puregusto.co.uk/sweetbird-peach-iced-tea-syrup-1-litre-p547745.html"
"547747","sweetbird-raspberry-iced-tea-syrup-1-litre","https://www.puregusto.co.uk/sweetbird-raspberry-iced-tea-syrup-1-litre-p547747.html"
"547748","sweetbird-watermelon-iced-tea-syrup-1-litre","https://www.puregusto.co.uk/sweetbird-watermelon-iced-tea-syrup-1-litre-p547748.html"
"547728","sweetbird-sugar-free-vanilla-syrup-1-litre","https://www.puregusto.co.uk/sweetbird-sugar-free-vanilla-syrup-1-litre-p547728.html"
"547737","sweetbird-cucumber-and-mint-iced-green-tea-syrup-1-litre","https://www.puregusto.co.uk/sweetbird-cucumber-and-mint-iced-green-tea-syrup-1-litre-p547737.html"
"547739","sweetbird-iced-original-tea-syrup-1-litre","https://www.puregusto.co.uk/sweetbird-iced-original-tea-syrup-1-litre-p547739.html"
"547456","simply-chocolate-mint-syrup-1-litre","https://www.puregusto.co.uk/simply-chocolate-mint-syrup-1-litre-p547456.html"
"547597","simply-white-chocolate-syrup-1-litre","https://www.puregusto.co.uk/simply-white-chocolate-syrup-1-litre-p547597.html"
"547638","simply-sugar-free-caramel-syrup-1-litre","https://www.puregusto.co.uk/simply-sugar-free-caramel-syrup-1-litre-p547638.html"
"547640","simply-sugar-free-hazelnut-syrup-1-litre","https://www.puregusto.co.uk/simply-sugar-free-hazelnut-syrup-1-litre-p547640.html"
"548558","birchall-english-breakfast-1100-tea-bags","https://www.puregusto.co.uk/birchall-english-breakfast-1100-tea-bags-p548558.html"
"547264","jura-claris-pro-smart-water-filter-pro-grey","https://www.puregusto.co.uk/jura-claris-pro-smart-water-filter-pro-grey-p547264.html"
"547521","simply-orange-syrup-1-litre","https://www.puregusto.co.uk/simply-orange-syrup-1-litre-p547521.html"
"547584","simply-strawberry-syrup-1-litre","https://www.puregusto.co.uk/simply-strawberry-syrup-1-litre-p547584.html"
"550041","twinings-cherry-bake-well-green-tea","https://www.puregusto.co.uk/twinings-cherry-bake-well-green-tea-p550041.html"
"547719","cosy-organic-matcha-green-tea-powder-100g","https://www.puregusto.co.uk/cosy-organic-matcha-green-tea-powder-100g-p547719.html"
"547695","simply-peach-iced-tea-syrup-1-litre","https://www.puregusto.co.uk/simply-peach-iced-tea-syrup-1-litre-p547695.html"
"547693","simply-jasmine-and-lime-iced-tea-syrup-1-litre","https://www.puregusto.co.uk/simply-jasmine-and-lime-iced-tea-syrup-1-litre-p547693.html"
"547815","puregusto-great-taste-award-mixed-coffee-sample-box-3-x-1-kg","https://www.puregusto.co.uk/puregusto-great-taste-award-mixed-coffee-sample-box-3-x-1-kg-p547815.html"
"547298","sweetbird-cane-sugar-syrup-1-litre","https://www.puregusto.co.uk/sweetbird-cane-sugar-syrup-1-litre-p547298.html"
"547300","sweetbird-caramel-syrup-1-litre","https://www.puregusto.co.uk/sweetbird-caramel-syrup-1-litre-p547300.html"
"547301","sweetbird-chai-syrup-1-litre","https://www.puregusto.co.uk/sweetbird-chai-syrup-1-litre-p547301.html"
"547303","sweetbird-chocolate-syrup-1-litre","https://www.puregusto.co.uk/sweetbird-chocolate-syrup-1-litre-p547303.html"
"547305","sweetbird-cinnamon-syrup-1-litre","https://www.puregusto.co.uk/sweetbird-cinnamon-syrup-1-litre-p547305.html"
"547306","sweetbird-coconut-syrup-1-litre","https://www.puregusto.co.uk/sweetbird-coconut-syrup-1-litre-p547306.html"
"547307","sweetbird-eggnog-syrup-1-litre","https://www.puregusto.co.uk/sweetbird-eggnog-syrup-1-litre-p547307.html"
"547309","sweetbird-french-vanilla-syrup-1-litre","https://www.puregusto.co.uk/sweetbird-french-vanilla-syrup-1-litre-p547309.html"
"547310","sweetbird-fudge-syrup-1-litre","https://www.puregusto.co.uk/sweetbird-fudge-syrup-1-litre-p547310.html"
"547311","sweetbird-gingerbread-syrup-1-litre","https://www.puregusto.co.uk/sweetbird-gingerbread-syrup-1-litre-p547311.html"
"547312","sweetbird-hazelnut-syrup-1-litre","https://www.puregusto.co.uk/sweetbird-hazelnut-syrup-1-litre-p547312.html"
"547313","sweetbird-irish-cream-syrup-1-litre","https://www.puregusto.co.uk/sweetbird-irish-cream-syrup-1-litre-p547313.html"
"547314","sweetbird-mint-syrup-1-litre","https://www.puregusto.co.uk/sweetbird-mint-syrup-1-litre-p547314.html"
"547315","sweetbird-peanut-butter-syrup-1-litre","https://www.puregusto.co.uk/sweetbird-peanut-butter-syrup-1-litre-p547315.html"
"547316","sweetbird-pumpkin-spice-syrup-1-litre","https://www.puregusto.co.uk/sweetbird-pumpkin-spice-syrup-1-litre-p547316.html"
"547317","sweetbird-smores-syrup-1-litre","https://www.puregusto.co.uk/sweetbird-smores-syrup-1-litre-p547317.html"
"547318","sweetbird-salted-caramel-syrup-1-litre","https://www.puregusto.co.uk/sweetbird-salted-caramel-syrup-1-litre-p547318.html"
"547319","sweetbird-toasted-marshmallow-syrup-1-litre","https://www.puregusto.co.uk/sweetbird-toasted-marshmallow-syrup-1-litre-p547319.html"
"547320","sweetbird-toffee-apple-syrup-1-litre","https://www.puregusto.co.uk/sweetbird-toffee-apple-syrup-1-litre-p547320.html"
"547321","sweetbird-vanilla-syrup-1-litre","https://www.puregusto.co.uk/sweetbird-vanilla-syrup-1-litre-p547321.html"
"549925","bravilor-renegite-descaler-1kg-tub","https://www.puregusto.co.uk/bravilor-renegite-descaler-1kg-tub-p549925.html"
"549931","cafe-express-fairtrade-one-cup-filter-coffee-bags-x-50","https://www.puregusto.co.uk/cafe-express-fairtrade-one-cup-filter-coffee-bags-x-50-p549931.html"
"549932","cafe-express-fairtrade-one-cup-decaf-filter-coffee-bags-x-50","https://www.puregusto.co.uk/cafe-express-fairtrade-one-cup-decaf-filter-coffee-bags-x-50-p549932.html"
"550003","nescafe-gold-blend-decaff-sticks-x-200","https://www.puregusto.co.uk/nescafe-gold-blend-decaff-sticks-x-200-p550003.html"
"550004","tate-lyle-zucro-sweetener-sticks-x-1000","https://www.puregusto.co.uk/tate-lyle-zucro-sweetener-sticks-x-1000-p550004.html"
"550008","la-spazielle-s5-espresso-machines","https://www.puregusto.co.uk/la-spazielle-s5-espresso-machines-p550008.html"
"550038","wmf-liquid-descaling-750ml","https://www.puregusto.co.uk/wmf-liquid-descaling-750ml-p550038.html"
"551432","lavazza-dek-decaffeinated-coffee-beans-500g","https://www.puregusto.co.uk/lavazza-dek-decaffeinated-coffee-beans-500g-p551432.html"
"550104","fuel-paper-cup-pack-includes-cups-lids-stirrers-x-40","https://www.puregusto.co.uk/fuel-paper-cup-pack-includes-cups-lids-stirrers-x-40-p550104.html"
"550153","blue-vinyl-food-safe-gloves","https://www.puregusto.co.uk/blue-vinyl-food-safe-gloves-p550153.html"
"550155","twinings-fruit-selection-teas-x-20","https://www.puregusto.co.uk/twinings-fruit-selection-teas-x-20-p550155.html"
"550156","group-head-cleaning-brush","https://www.puregusto.co.uk/group-head-cleaning-brush-p550156.html"
"550158","bravilor-th-airpot-filter-coffee-machines","https://www.puregusto.co.uk/bravilor-th-airpot-filter-coffee-machines-p550158.html"
"550159","milk-pipe-cleaning-brush","https://www.puregusto.co.uk/milk-pipe-cleaning-brush-p550159.html"
"551007","isi-nitro-whipper-charger-bulbs-x16","https://www.puregusto.co.uk/isi-nitro-whipper-charger-bulbs-x16-p551007.html"
"551008","isi-nitro-whip-1-litre","https://www.puregusto.co.uk/isi-nitro-whip-1-litre-p551008.html"
"551208","illy-classico-medium-roast-ese-coffee-pods-x-18","https://www.puregusto.co.uk/illy-classico-medium-roast-ese-coffee-pods-x-18-p551208.html"
"551162","simply-sugar-free-strawberry-syrup-1-litre","https://www.puregusto.co.uk/simply-sugar-free-strawberry-syrup-1-litre-p551162.html"
"551095","lavazza-branded-double-wall-paper-cups","https://www.puregusto.co.uk/lavazza-branded-double-wall-paper-cups-p551095.html"
"551101","simply-toppings-diced-caramel-topping-x-500g","https://www.puregusto.co.uk/simply-toppings-diced-caramel-topping-x-500g-p551101.html"
"551102","shmoo-toppings-fruit-crispies-x-320g","https://www.puregusto.co.uk/shmoo-toppings-fruit-crispies-x-320g-p551102.html"
"551140","byron-bay-cookies-anzac-x-6","https://www.puregusto.co.uk/byron-bay-cookies-anzac-x-6-p551140.html"
"551141","byron-bay-cookies-fig-pecan-x-6","https://www.puregusto.co.uk/byron-bay-cookies-fig-pecan-x-6-p551141.html"
"551145","sub-product-7","https://www.puregusto.co.uk/sub-product-7-p551145.html"
"551148","coffeetek-vitro-s1-bean-to-cup-machine","https://www.puregusto.co.uk/coffeetek-vitro-s1-bean-to-cup-machine-p551148.html"
"551153","puregusto-sublima-triple-certified-coffee-beans-6kg","https://www.puregusto.co.uk/puregusto-sublima-triple-certified-coffee-beans-6kg-p551153.html"
"551158","simply-pistachio-syrup-1-litre","https://www.puregusto.co.uk/simply-pistachio-syrup-1-litre-p551158.html"
"551159","simply-rhubarb-syrup-1-litre","https://www.puregusto.co.uk/simply-rhubarb-syrup-1-litre-p551159.html"
"551160","simply-sugar-free-almond-syrup-1-litre","https://www.puregusto.co.uk/simply-sugar-free-almond-syrup-1-litre-p551160.html"
"551161","simply-sugar-free-cinnamon-syrup-1-litre","https://www.puregusto.co.uk/simply-sugar-free-cinnamon-syrup-1-litre-p551161.html"
"551163","simply-sugar-free-raspberry-syrup-1-litre","https://www.puregusto.co.uk/simply-sugar-free-raspberry-syrup-1-litre-p551163.html"
"551164","simply-almond-organic-coffee-syrup-1-litre","https://www.puregusto.co.uk/simply-almond-organic-coffee-syrup-1-litre-p551164.html"
"551165","simply-caramel-organic-coffee-syrup-1-litre","https://www.puregusto.co.uk/simply-caramel-organic-coffee-syrup-1-litre-p551165.html"
"551166","simply-salted-caramel-organic-coffee-syrup-1-litre","https://www.puregusto.co.uk/simply-salted-caramel-organic-coffee-syrup-1-litre-p551166.html"
"551167","simply-vanilla-organic-coffee-syrup-1-litre","https://www.puregusto.co.uk/simply-vanilla-organic-coffee-syrup-1-litre-p551167.html"
"551169","sweetbird-rhubarb-syrup-1-litre","https://www.puregusto.co.uk/sweetbird-rhubarb-syrup-1-litre-p551169.html"
"551171","sweetbird-sugar-free-salted-caramel-syrup-1-litre","https://www.puregusto.co.uk/sweetbird-sugar-free-salted-caramel-syrup-1-litre-p551171.html"
"551174","sweetbird-sugar-free-peach-iced-tea-syrup-1-litre","https://www.puregusto.co.uk/sweetbird-sugar-free-peach-iced-tea-syrup-1-litre-p551174.html"
"551175","sweetbird-sugar-free-raspberry-iced-tea-syrup-1-litre","https://www.puregusto.co.uk/sweetbird-sugar-free-raspberry-iced-tea-syrup-1-litre-p551175.html"
"551499","tetley-drawstring-tea-bags-x-100","https://www.puregusto.co.uk/tetley-drawstring-tea-bags-x-100-p551499.html"
